code,净值日期,累计净值,return
515180,2019-11-29,1.0003,0.00029999999999996696
515180,2019-12-06,1.0005,0.00019994001799461536
515180,2019-12-13,1.0013,0.0007996001999002189
515180,2019-12-17,1.0049,0.003595326076100802
515180,2019-12-18,1.0032,-0.0016917106179717978
515180,2019-12-19,1.0042,0.0009968102073363294
515180,2019-12-20,1.0006,-0.0035849432383987523
515180,2019-12-23,0.9896,-0.01099340395762527
515180,2019-12-24,0.9946,0.005052546483427678
515180,2019-12-25,0.9935,-0.001105972250150855
515180,2019-12-26,1.0036,0.01016607951685966
515180,2019-12-27,1.0019,-0.0016939019529693677
515180,2019-12-30,1.0139,0.01197724323784799
515180,2019-12-31,1.0197,0.005720485254956165
515180,2020-01-02,1.0336,0.013631460233402004
515180,2020-01-03,1.0333,-0.00029024767801855145
515180,2020-01-06,1.0297,-0.0034839833543017784
515180,2020-01-07,1.0379,0.007963484510051355
515180,2020-01-08,1.0262,-0.0112727623085076
515180,2020-01-09,1.0387,0.012180861430520329
515180,2020-01-10,1.035,-0.003562144988928484
515180,2020-01-13,1.042,0.006763285024154797
515180,2020-01-14,1.043,0.0009596928982724684
515180,2020-01-15,1.0379,-0.004889741131351766
515180,2020-01-16,1.0326,-0.005106464977358227
515180,2020-01-17,1.0331,0.0004842146039123474
515180,2020-01-20,1.035,0.0018391249637015328
515180,2020-01-21,1.0169,-0.017487922705313963
515180,2020-01-22,1.0206,0.0036385091946111725
515180,2020-01-23,0.9956,-0.02449539486576513
515180,2020-02-03,0.91,-0.0859783045399759
515180,2020-02-04,0.9285,0.020329670329670257
515180,2020-02-05,0.9393,0.011631663974151829
515180,2020-02-06,0.951,0.012456084318109184
515180,2020-02-07,0.9544,0.0035751840168245508
515180,2020-02-10,0.9686,0.014878457669740053
515180,2020-02-11,0.9724,0.003923188106545572
515180,2020-02-12,0.979,0.006787330316742057
515180,2020-02-13,0.9737,-0.005413687436159331
515180,2020-02-14,0.9808,0.007291773646913802
515180,2020-02-17,1.0004,0.019983686786296806
515180,2020-02-18,1.0035,0.003098760495801711
515180,2020-02-19,0.9993,-0.004185351270553195
515180,2020-02-20,1.0131,0.013809666766736672
515180,2020-02-21,1.0181,0.004935346954890951
515180,2020-02-24,1.0111,-0.006875552499754356
515180,2020-02-25,1.0014,-0.009593512016615624
515180,2020-02-26,1.0013,-9.986019572594262e-05
515180,2020-02-27,1.005,0.00369519624488146
515180,2020-02-28,0.9743,-0.030547263681591885
515180,2020-03-02,1.0119,0.038591809504259444
515180,2020-03-03,1.012,9.882399446592416e-05
515180,2020-03-04,1.0245,0.012351778656126466
515180,2020-03-05,1.0369,0.012103465104929212
515180,2020-03-06,1.0249,-0.011572957855145116
515180,2020-03-09,0.9938,-0.03034442384622882
515180,2020-03-10,1.0112,0.017508553028778406
515180,2020-03-11,1.0024,-0.008702531645569778
515180,2020-03-12,0.985,-0.01735833998403824
515180,2020-03-13,0.97,-0.015228426395939132
515180,2020-03-16,0.9405,-0.03041237113402062
515180,2020-03-17,0.9373,-0.003402445507708629
515180,2020-03-18,0.9241,-0.014083004374266461
515180,2020-03-19,0.9152,-0.00963099231684883
515180,2020-03-20,0.9279,0.013876748251748117
515180,2020-03-23,0.9016,-0.028343571505550114
515180,2020-03-24,0.9232,0.02395740905057675
515180,2020-03-25,0.9418,0.020147313691507795
515180,2020-03-26,0.933,-0.009343809726056418
515180,2020-03-27,0.9397,0.007181136120042897
515180,2020-03-30,0.9278,-0.012663616047674853
515180,2020-03-31,0.9262,-0.0017245095925845222
515180,2020-04-01,0.9207,-0.005938242280285055
515180,2020-04-02,0.934,0.014445530574562992
515180,2020-04-03,0.9291,-0.0052462526766595685
515180,2020-04-07,0.9459,0.018082014853083583
515180,2020-04-08,0.9452,-0.0007400359446029237
515180,2020-04-09,0.948,0.0029623360135420107
515180,2020-04-10,0.9384,-0.010126582278480956
515180,2020-04-13,0.9359,-0.00266410912190973
515180,2020-04-14,0.9476,0.012501335612779219
515180,2020-04-15,0.9425,-0.0053820177289996
515180,2020-04-16,0.9399,-0.0027586206896552667
515180,2020-04-17,0.9427,0.002979040323438653
515180,2020-04-20,0.9494,0.007107245146918517
515180,2020-04-21,0.9438,-0.005898462186644249
515180,2020-04-22,0.948,0.004450095359186168
515180,2020-04-23,0.9452,-0.002953586497890237
515180,2020-04-24,0.9396,-0.0059246720270842435
515180,2020-04-27,0.9455,0.006279267773520614
515180,2020-04-28,0.9398,-0.006028556319407796
515180,2020-04-29,0.949,0.009789316875931098
515180,2020-04-30,0.9583,0.009799789251844215
515180,2020-05-06,0.9596,0.001356568924136381
515180,2020-05-07,0.961,0.0014589412255106016
515180,2020-05-08,0.9686,0.007908428720083238
515180,2020-05-11,0.9691,0.0005162089613874876
515180,2020-05-12,0.9661,-0.0030956557630791304
515180,2020-05-13,0.9682,0.0021736880240139644
515180,2020-05-14,0.9583,-0.01022516009089025
515180,2020-05-15,0.955,-0.003443598038192719
515180,2020-05-18,0.9558,0.0008376963350784639
515180,2020-05-19,0.9616,0.00606821510776312
515180,2020-05-20,0.9548,-0.007071547420965052
515180,2020-05-21,0.9498,-0.005236698785085925
515180,2020-05-22,0.9346,-0.01600336913034317
515180,2020-05-25,0.9392,0.004921891718382199
515180,2020-05-26,0.9463,0.007559625212947285
515180,2020-05-27,0.9503,0.00422698932685206
515180,2020-05-28,0.9503,0.0
515180,2020-05-29,0.9466,-0.003893507313480038
515180,2020-06-01,0.9652,0.019649271075427688
515180,2020-06-02,0.968,0.0029009531703274583
515180,2020-06-03,0.9687,0.0007231404958678578
515180,2020-06-04,0.9717,0.003096934035305088
515180,2020-06-05,0.9688,-0.0029844602243490614
515180,2020-06-08,0.9699,0.0011354252683732913
515180,2020-06-09,0.9739,0.004124136508918408
515180,2020-06-10,0.9707,-0.0032857582914056493
515180,2020-06-11,0.9632,-0.007726383022561123
515180,2020-06-12,0.9621,-0.001142026578073052
515180,2020-06-15,0.9552,-0.007171811661989325
515180,2020-06-16,0.9716,0.017169179229480802
515180,2020-06-17,0.9735,0.0019555372581310237
515180,2020-06-18,0.9821,0.008834103749358002
515180,2020-06-19,0.9848,0.0027492108746562938
515180,2020-06-22,0.9795,-0.005381803411860231
515180,2020-06-23,0.9798,0.0003062787136294265
515180,2020-06-24,0.9818,0.002041232904674395
515180,2020-06-29,0.9774,-0.004481564473416189
515180,2020-06-30,0.9863,0.009105790873746633
515180,2020-07-01,1.0037,0.017641691169015594
515180,2020-07-02,1.027,0.02321410780113564
515180,2020-07-03,1.0381,0.010808179162609566
515180,2020-07-06,1.0921,0.05201811000866963
515180,2020-07-07,1.0889,-0.002930134603058465
515180,2020-07-08,1.1037,0.013591698043897482
515180,2020-07-09,1.1152,0.010419498052006926
515180,2020-07-10,1.0939,-0.019099713055953926
515180,2020-07-13,1.123,0.02660206600237669
515180,2020-07-14,1.118,-0.0044523597506677115
515180,2020-07-15,1.1017,-0.014579606440071724
515180,2020-07-16,1.0671,-0.03140600889534351
515180,2020-07-17,1.0747,0.007122106644175785
515180,2020-07-20,1.1222,0.04419838094351913
515180,2020-07-21,1.1208,-0.0012475494564249123
515180,2020-07-22,1.1222,0.0012491077801570771
515180,2020-07-23,1.1098,-0.011049723756906271
515180,2020-07-24,1.0691,-0.03667327446386737
515180,2020-07-27,1.0663,-0.0026190253484238424
515180,2020-07-28,1.0762,0.009284441526774767
515180,2020-07-29,1.095,0.01746887195688518
515180,2020-07-30,1.0945,-0.00045662100456611565
515180,2020-07-31,1.1055,0.010050251256281229
515180,2020-08-03,1.1265,0.018995929443690773
515180,2020-08-04,1.1295,0.0026631158455392434
515180,2020-08-05,1.1288,-0.000619743249225202
515180,2020-08-06,1.13,0.001063075832742566
515180,2020-08-07,1.1217,-0.007345132743362792
515180,2020-08-10,1.137,0.013640010698047655
515180,2020-08-11,1.1261,-0.009586631486367514
515180,2020-08-12,1.1195,-0.0058609359737147315
515180,2020-08-13,1.1246,0.004555605180884381
515180,2020-08-14,1.1332,0.007647163435888338
515180,2020-08-17,1.1564,0.020472996823155842
515180,2020-08-18,1.1589,0.0021618817018331793
515180,2020-08-19,1.1482,-0.00923289326085075
515180,2020-08-20,1.1401,-0.007054520118446428
515180,2020-08-21,1.1395,-0.0005262696254714205
515180,2020-08-24,1.1505,0.009653356735410457
515180,2020-08-25,1.1502,-0.0002607561929597324
515180,2020-08-26,1.1314,-0.016344983481133668
515180,2020-08-27,1.1376,0.0054799363620292585
515180,2020-08-28,1.1585,0.018372011251758247
515180,2020-08-31,1.1525,-0.00517911091929224
515180,2020-09-01,1.1555,0.0026030368763556577
515180,2020-09-02,1.1548,-0.0006057983556900792
515180,2020-09-03,1.1532,-0.0013855213023901136
515180,2020-09-04,1.1502,-0.002601456815816916
515180,2020-09-07,1.1371,-0.011389323595896284
515180,2020-09-08,1.1438,0.005892181866150592
515180,2020-09-09,1.1267,-0.014950166112956742
515180,2020-09-10,1.1169,-0.008697967515754024
515180,2020-09-11,1.1216,0.0042080759244336186
515180,2020-09-14,1.1265,0.0043687589158345475
515180,2020-09-15,1.1316,0.004527296937416603
515180,2020-09-16,1.1319,0.00026511134676554526
515180,2020-09-17,1.1372,0.004682392437494576
515180,2020-09-18,1.1549,0.015564544495251464
515180,2020-09-21,1.1485,-0.005541605333795108
515180,2020-09-22,1.1325,-0.013931214627775357
515180,2020-09-23,1.1343,0.0015894039735100396
515180,2020-09-24,1.1139,-0.01798466014281952
515180,2020-09-25,1.1075,-0.005745578597719736
515180,2020-09-28,1.1076,9.029345372457698e-05
515180,2020-09-29,1.1121,0.004062838569880878
515180,2020-09-30,1.1068,-0.0047657584749574156
515180,2020-10-09,1.1308,0.02168413444163364
515180,2020-10-12,1.1585,0.024495932083480776
515180,2020-10-13,1.161,0.002157962883038378
515180,2020-10-14,1.161,0.0
515180,2020-10-15,1.1576,-0.002928509905254173
515180,2020-10-16,1.1607,0.0026779543883899137
515180,2020-10-19,1.1528,-0.006806237615232247
515180,2020-10-20,1.1541,0.001127689104788221
515180,2020-10-21,1.1503,-0.00329260895936212
515180,2020-10-22,1.1417,-0.007476310527688601
515180,2020-10-23,1.1328,-0.0077953928352455515
515180,2020-10-26,1.1344,0.0014124293785311437
515180,2020-10-27,1.1309,-0.0030853314527503617
515180,2020-10-28,1.131,8.842514811213675e-05
515180,2020-10-29,1.1384,0.006542882404951378
515180,2020-10-30,1.1222,-0.014230498945889014
515180,2020-11-02,1.1326,0.00926751024772754
515180,2020-11-03,1.1459,0.011742892459826848
515180,2020-11-04,1.152,0.005323326642813431
515180,2020-11-05,1.1708,0.016319444444444553
515180,2020-11-06,1.1725,0.0014519986334131652
515180,2020-11-09,1.1909,0.015692963752665268
515180,2020-11-10,1.1874,-0.0029389537324713277
515180,2020-11-11,1.1922,0.004042445679636186
515180,2020-11-12,1.1987,0.005452105351451353
515180,2020-11-13,1.191,-0.006423625594393911
515180,2020-11-16,1.2147,0.01989924433249346
515180,2020-11-17,1.2222,0.006174364040503866
515180,2020-11-18,1.2269,0.0038455244640813735
515180,2020-11-19,1.222,-0.003993805526122829
515180,2020-11-20,1.2281,0.00499181669394444
515180,2020-11-23,1.2444,0.013272534809868786
515180,2020-11-24,1.2403,-0.003294760527161711
515180,2020-11-25,1.224,-0.01314198177860193
515180,2020-11-26,1.2195,-0.003676470588235281
515180,2020-11-27,1.2279,0.006888068880688714
515180,2020-11-30,1.2152,-0.010342861796563185
515180,2020-12-01,1.2308,0.012837393021724708
515180,2020-12-02,1.2328,0.001624959376015589
515180,2020-12-03,1.2247,-0.006570408825438023
515180,2020-12-04,1.2235,-0.0009798317955416191
515180,2020-12-07,1.2118,-0.009562729873314302
515180,2020-12-08,1.2082,-0.0029707872586235418
515180,2020-12-09,1.1941,-0.011670253269326247
515180,2020-12-10,1.1973,0.002679842559249801
515180,2020-12-11,1.181,-0.013613964754029872
515180,2020-12-14,1.1721,-0.007535986452159249
515180,2020-12-15,1.1697,-0.002047606859482909
515180,2020-12-16,1.1658,-0.0033341882533983735
515180,2020-12-17,1.177,0.009607136730142463
515180,2020-12-18,1.1819,0.004163126593033084
515180,2020-12-21,1.1857,0.003215162027244256
515180,2020-12-22,1.1601,-0.02159062157375391
515180,2020-12-23,1.1609,0.0006895957245065532
515180,2020-12-24,1.1508,-0.008700146438108347
515180,2020-12-25,1.1587,0.006864789711505059
515180,2020-12-28,1.1515,-0.006213860360749224
515180,2020-12-29,1.1419,-0.00833695180199745
515180,2020-12-30,1.1464,0.003940800420352275
515180,2020-12-31,1.1544,0.006978367062107527
515180,2021-01-04,1.1582,0.00329175329175313
515180,2021-01-05,1.1607,0.002158521844241257
515180,2021-01-06,1.1632,0.0021538726630481175
515180,2021-01-07,1.1561,-0.006103851444291708
515180,2021-01-08,1.1592,0.0026814289421330795
515180,2021-01-11,1.1467,-0.010783298826777088
515180,2021-01-12,1.1555,0.007674195517572091
515180,2021-01-13,1.1539,-0.0013846819558632761
515180,2021-01-14,1.15,-0.0033798422740272116
515180,2021-01-15,1.1565,0.005652173913043734
515180,2021-01-18,1.1654,0.007695633376567201
515180,2021-01-19,1.1713,0.005062639437103167
515180,2021-01-20,1.1698,-0.0012806283616495495
515180,2021-01-21,1.1748,0.0042742349119508916
515180,2021-01-22,1.163,-0.010044262853251662
515180,2021-01-25,1.1472,-0.013585554600171967
515180,2021-01-26,1.1402,-0.006101813110181209
515180,2021-01-27,1.1411,0.0007893352043499835
515180,2021-01-28,1.1258,-0.013408114976776853
515180,2021-01-29,1.1169,-0.007905489429738788
515180,2021-02-01,1.129,0.010833557167159169
515180,2021-02-02,1.1362,0.006377325066430517
515180,2021-02-03,1.1277,-0.007481077275127812
515180,2021-02-04,1.1171,-0.009399663030947858
515180,2021-02-05,1.1208,0.0033121475248412136
515180,2021-02-08,1.1317,0.009725196288365323
515180,2021-02-09,1.1453,0.012017319077494149
515180,2021-02-10,1.1533,0.006985069414127354
515180,2021-02-18,1.1797,0.022890834995231035
515180,2021-02-19,1.1991,0.01644485886242264
515180,2021-02-22,1.2112,0.010090901509465455
515180,2021-02-23,1.2026,-0.0071003963011890825
515180,2021-02-24,1.1901,-0.010394146016963202
515180,2021-02-25,1.2064,0.013696328039660477
515180,2021-02-26,1.1829,-0.01947944297082216
515180,2021-03-01,1.2055,0.01910558796178874
515180,2021-03-02,1.1957,-0.008129406885109991
515180,2021-03-03,1.2221,0.022079116835326484
515180,2021-03-04,1.2132,-0.0072825464364617565
515180,2021-03-05,1.206,-0.005934718100890302
515180,2021-03-08,1.196,-0.008291873963515717
515180,2021-03-09,1.1868,-0.007692307692307554
515180,2021-03-10,1.1808,-0.005055611729019249
515180,2021-03-11,1.2069,0.02210365853658547
515180,2021-03-12,1.2163,0.007788549175573589
515180,2021-03-15,1.219,0.0022198470772014645
515180,2021-03-16,1.2266,0.006234618539786574
515180,2021-03-17,1.2211,-0.004483939344529508
515180,2021-03-18,1.2255,0.003603308492343027
515180,2021-03-19,1.2141,-0.009302325581395432
515180,2021-03-22,1.2298,0.01293138950663053
515180,2021-03-23,1.2131,-0.013579443812001935
515180,2021-03-24,1.1954,-0.014590717995218938
515180,2021-03-25,1.1921,-0.0027605822318890194
515180,2021-03-26,1.2063,0.011911752369767603
515180,2021-03-29,1.2191,0.010610959131227782
515180,2021-03-30,1.2178,-0.0010663604298253304
515180,2021-03-31,1.2144,-0.0027919198554771096
515180,2021-04-01,1.2234,0.007411067193676013
515180,2021-04-02,1.2168,-0.0053948013732221245
515180,2021-04-06,1.2219,0.004191321499013689
515180,2021-04-07,1.2318,0.008102136017677397
515180,2021-04-08,1.2294,-0.001948368241597609
515180,2021-04-09,1.2308,0.0011387668781517313
515180,2021-04-12,1.2254,-0.004387390315242046
515180,2021-04-13,1.2153,-0.008242206626407733
515180,2021-04-14,1.224,0.007158726240434454
515180,2021-04-15,1.2256,0.0013071895424836555
515180,2021-04-16,1.2397,0.011504569190600611
515180,2021-04-19,1.247,0.005888521416471892
515180,2021-04-20,1.2465,-0.00040096230954300704
515180,2021-04-21,1.2454,-0.0008824709185718538
515180,2021-04-22,1.2505,0.004095069857073863
515180,2021-04-23,1.247,-0.0027988804478207285
515180,2021-04-26,1.2392,-0.006255012028869356
515180,2021-04-27,1.2396,0.00032278889606196515
515180,2021-04-28,1.2474,0.006292352371732868
515180,2021-04-29,1.2543,0.005531505531505498
515180,2021-04-30,1.2489,-0.004305190145898141
515180,2021-05-06,1.2663,0.013932260389142526
515180,2021-05-07,1.2689,0.0020532259338228442
515180,2021-05-10,1.2793,0.008196075340846543
515180,2021-05-11,1.268,-0.008832955522551478
515180,2021-05-12,1.2792,0.008832807570977819
515180,2021-05-13,1.2654,-0.010787992495309373
515180,2021-05-14,1.2738,0.006638217164532945
515180,2021-05-17,1.2725,-0.001020568378081399
515180,2021-05-18,1.2793,0.00534381139489204
515180,2021-05-19,1.2792,-7.816774798730108e-05
515180,2021-05-20,1.2622,-0.013289555972482714
515180,2021-05-21,1.2674,0.004119790841388138
515180,2021-05-24,1.2753,0.006233233391194526
515180,2021-05-25,1.2907,0.012075590057241348
515180,2021-05-26,1.2997,0.006972960409080464
515180,2021-05-27,1.3056,0.004539509117488683
515180,2021-05-28,1.3088,0.002450980392156854
515180,2021-05-31,1.3202,0.008710268948655342
515180,2021-06-01,1.3291,0.006741402817754816
515180,2021-06-02,1.3231,-0.004514333007298199
515180,2021-06-03,1.3222,-0.0006802206938250066
515180,2021-06-04,1.3186,-0.002722734835879592
515180,2021-06-07,1.3165,-0.0015925982102229508
515180,2021-06-08,1.3099,-0.005013292821876125
515180,2021-06-09,1.3143,0.003359035040842784
515180,2021-06-10,1.3185,0.003195617438940923
515180,2021-06-11,1.315,-0.0026545316647705874
515180,2021-06-15,1.305,-0.0076045627376425395
515180,2021-06-16,1.2893,-0.012030651340996235
515180,2021-06-17,1.2895,0.00015512293492614404
515180,2021-06-18,1.2893,-0.00015509887553333268
515180,2021-06-21,1.2963,0.005429302722407492
515180,2021-06-22,1.3117,0.011879966057239955
515180,2021-06-23,1.3303,0.014180071662727611
515180,2021-06-24,1.3288,-0.0011275652108547751
515180,2021-06-25,1.3349,0.004590608067429169
515180,2021-06-28,1.3244,-0.007865757734661694
515180,2021-06-29,1.3235,-0.0006795530051344478
515180,2021-06-30,1.328,0.0034000755572347607
515180,2021-07-01,1.3229,-0.003840361445783258
515180,2021-07-02,1.3142,-0.006576460805805429
515180,2021-07-05,1.3169,0.0020544818140313392
515180,2021-07-06,1.3162,-0.0005315513706430908
515180,2021-07-07,1.3192,0.0022792888618750062
515180,2021-07-08,1.2981,-0.015994542146755553
515180,2021-07-09,1.311,0.00993760110931352
515180,2021-07-12,1.3211,0.007704042715484416
515180,2021-07-13,1.3308,0.007342366209976525
515180,2021-07-14,1.3236,-0.0054102795311090635
515180,2021-07-15,1.3312,0.005741915986702706
515180,2021-07-16,1.3343,0.002328725961538547
515650,2019-10-18,0.9999,-9.999999999998899e-05
515650,2019-10-25,1.0009,0.0010001000100008373
515650,2019-11-01,1.0189,0.0179838145668898
515650,2019-11-04,1.0219,0.0029443517518894513
515650,2019-11-08,1.0219,0.0
515650,2019-11-11,1.0016,-0.019864957432234043
515650,2019-11-12,0.9966,-0.004992012779552746
515650,2019-11-13,1.001,0.004415011037527394
515650,2019-11-14,1.0005,-0.0004995004995004271
515650,2019-11-15,0.9932,-0.007296351824087943
515650,2019-11-18,0.9969,0.0037253322593637783
515650,2019-11-19,1.0062,0.009328919650917866
515650,2019-11-20,1.0019,-0.004273504273504258
515650,2019-11-21,0.9944,-0.00748577702365516
515650,2019-11-22,0.9759,-0.018604183427192278
515650,2019-11-25,0.9768,0.0009222256378726978
515650,2019-11-26,0.9832,0.006552006552006606
515650,2019-11-27,0.9782,-0.005085435313262776
515650,2019-11-28,0.9756,-0.0026579431609077275
515650,2019-11-29,0.9589,-0.017117671176711813
515650,2019-12-02,0.9626,0.0038585879653769695
515650,2019-12-03,0.9674,0.004986494909619887
515650,2019-12-04,0.9729,0.005685342154227779
515650,2019-12-05,0.9754,0.0025696371672321305
515650,2019-12-06,0.9887,0.013635431617797789
515650,2019-12-09,0.9859,-0.0028320016182866725
515650,2019-12-10,0.9864,0.0005071508266558666
515650,2019-12-11,0.9793,-0.007197891321979011
515650,2019-12-12,0.9741,-0.005309915245583552
515650,2019-12-13,0.9921,0.018478595626732375
515650,2019-12-16,0.9881,-0.004031851627860128
515650,2019-12-17,0.9999,0.011942111122356103
515650,2019-12-18,0.9995,-0.0004000400040004015
515650,2019-12-19,0.9965,-0.0030015007503751967
515650,2019-12-20,0.9942,-0.002308078273958958
515650,2019-12-23,0.9896,-0.0046268356467511484
515650,2019-12-24,0.9943,0.004749393694421844
515650,2019-12-25,0.9888,-0.005531529719400519
515650,2019-12-26,0.9942,0.005461165048543659
515650,2019-12-27,0.9989,0.004727419030376323
515650,2019-12-30,1.0153,0.01641805986585254
515650,2019-12-31,1.0166,0.001280409731113874
515650,2020-01-02,1.0251,0.00836120401337781
515650,2020-01-03,1.0112,-0.013559652716807924
515650,2020-01-06,0.9999,-0.011174841772152
515650,2020-01-07,1.0156,0.015701570157015787
515650,2020-01-08,1.0169,0.0012800315084677827
515650,2020-01-09,1.0328,0.015635755728193645
515650,2020-01-10,1.0402,0.007164988381100024
515650,2020-01-13,1.0499,0.009325129782734143
515650,2020-01-14,1.042,-0.007524526145347155
515650,2020-01-15,1.042,0.0
515650,2020-01-16,1.039,-0.0028790786948177383
515650,2020-01-17,1.0383,-0.0006737247353223452
515650,2020-01-20,1.0341,-0.004045073678127675
515650,2020-01-21,1.0096,-0.023692099410115075
515650,2020-01-22,1.0077,-0.0018819334389857945
515650,2020-01-23,0.9714,-0.03602262578148263
515650,2020-02-03,0.8934,-0.08029647930821504
515650,2020-02-04,0.9207,0.03055742108797843
515650,2020-02-05,0.934,0.014445530574562992
515650,2020-02-06,0.9509,0.018094218415417362
515650,2020-02-07,0.9536,0.0028394152907771364
515650,2020-02-10,0.95,-0.003775167785234901
515650,2020-02-11,0.9715,0.022631578947368558
515650,2020-02-12,0.9757,0.004323211528564075
515650,2020-02-13,0.9663,-0.009634108844931766
515650,2020-02-14,0.9662,-0.00010348752975275488
515650,2020-02-17,0.9775,0.011695301179879936
515650,2020-02-18,0.9726,-0.005012787723785217
515650,2020-02-19,0.9789,0.006477483035163489
515650,2020-02-20,1.0025,0.02410869343140254
515650,2020-02-21,0.9964,-0.006084788029925181
515650,2020-02-24,0.9835,-0.012946607788036801
515650,2020-02-25,0.9716,-0.012099644128113929
515650,2020-02-26,0.967,-0.00473445862494859
515650,2020-02-27,0.9791,0.012512926577042505
515650,2020-02-28,0.9462,-0.03360228781534058
515650,2020-03-02,0.9676,0.022616782921158318
515650,2020-03-03,0.9756,0.008267879288962332
515650,2020-03-04,0.9823,0.006867568675686719
515650,2020-03-05,1.0207,0.039091927109844216
515650,2020-03-06,1.0038,-0.01655726462231788
515650,2020-03-09,0.967,-0.036660689380354716
515650,2020-03-10,0.9935,0.027404343329886283
515650,2020-03-11,0.9859,-0.0076497232008052585
515650,2020-03-12,0.9621,-0.024140379348818408
515650,2020-03-13,0.9467,-0.01600665211516472
515650,2020-03-16,0.9063,-0.04267455371289741
515650,2020-03-17,0.8916,-0.01621979476994373
515650,2020-03-18,0.8786,-0.014580529385374463
515650,2020-03-19,0.8581,-0.02333257455042126
515650,2020-03-20,0.8834,0.02948374315347868
515650,2020-03-23,0.8539,-0.03339370613538595
515650,2020-03-24,0.8818,0.03267361517742118
515650,2020-03-25,0.9064,0.027897482422317932
515650,2020-03-26,0.9012,-0.005736981465136792
515650,2020-03-27,0.9117,0.011651131824234273
515650,2020-03-30,0.8982,-0.014807502467917066
515650,2020-03-31,0.9173,0.02126475172567366
515650,2020-04-01,0.9122,-0.005559795050692262
515650,2020-04-02,0.9254,0.01447051085288309
515650,2020-04-03,0.9252,-0.0002161227577263114
515650,2020-04-07,0.9495,0.026264591439688623
515650,2020-04-08,0.941,-0.008952080042127553
515650,2020-04-09,0.9443,0.0035069075451648057
515650,2020-04-10,0.9531,0.0093190723287091
515650,2020-04-13,0.9593,0.006505088658063318
515650,2020-04-14,0.9719,0.013134577295944805
515650,2020-04-15,0.9603,-0.011935384298796148
515650,2020-04-16,0.9591,-0.0012496094970322336
515650,2020-04-17,0.9702,0.011573350015639638
515650,2020-04-20,0.9755,0.005462791177077042
515650,2020-04-21,0.9605,-0.015376729882111806
515650,2020-04-22,0.983,0.02342529932326909
515650,2020-04-23,0.9902,0.007324516785350843
515650,2020-04-24,0.9886,-0.0016158351848111208
515650,2020-04-27,0.9923,0.0037426663969248875
515650,2020-04-28,1.0088,0.01662803587624717
515650,2020-04-29,1.0012,-0.007533703409991932
515650,2020-04-30,1.0031,0.001897722732720819
515650,2020-05-06,1.0123,0.009171568138769626
515650,2020-05-07,1.0185,0.006124666600810125
515650,2020-05-08,1.0372,0.018360333824251285
515650,2020-05-11,1.0381,0.0008677207867335834
515650,2020-05-12,1.0497,0.011174260668529001
515650,2020-05-13,1.0555,0.005525388206154114
515650,2020-05-14,1.0496,-0.005589767882520191
515650,2020-05-15,1.0393,-0.00981326219512213
515650,2020-05-18,1.0555,0.015587414605984895
515650,2020-05-19,1.0639,0.007958313595452404
515650,2020-05-20,1.058,-0.005545633988156773
515650,2020-05-21,1.0575,-0.0004725897920604405
515650,2020-05-22,1.0276,-0.028274231678487083
515650,2020-05-25,1.0409,0.012942779291553075
515650,2020-05-26,1.0577,0.01613987895090796
515650,2020-05-27,1.0538,-0.00368724591093883
515650,2020-05-28,1.0527,-0.001043841336117013
515650,2020-05-29,1.0686,0.015104018238814465
515650,2020-06-01,1.0987,0.028167696050907853
515650,2020-06-02,1.0935,-0.004732866114499079
515650,2020-06-03,1.0886,-0.004481024234110564
515650,2020-06-04,1.0969,0.007624471798640453
515650,2020-06-05,1.1065,0.008751937277782895
515650,2020-06-08,1.1181,0.010483506552191546
515650,2020-06-09,1.1281,0.008943743851176134
515650,2020-06-10,1.1251,-0.0026593387111072397
515650,2020-06-11,1.1105,-0.01297662430006219
515650,2020-06-12,1.1215,0.009905447996398031
515650,2020-06-15,1.099,-0.020062416406598227
515650,2020-06-16,1.1148,0.014376706096451253
515650,2020-06-17,1.1115,-0.00296017222820244
515650,2020-06-18,1.1198,0.007467386414754751
515650,2020-06-19,1.146,0.023397035184854476
515650,2020-06-22,1.1374,-0.0075043630017451735
515650,2020-06-23,1.1483,0.009583260066819088
515650,2020-06-24,1.1569,0.007489332056082931
515650,2020-06-29,1.1618,0.004235456824271733
515650,2020-06-30,1.1774,0.013427440179032635
515650,2020-07-01,1.2166,0.033293697978596715
515650,2020-07-02,1.236,0.01594607923721858
515650,2020-07-03,1.2437,0.006229773462783195
515650,2020-07-06,1.2919,0.03875532684731042
515650,2020-07-07,1.31,0.014010372319839037
515650,2020-07-08,1.3156,0.004274809160305315
515650,2020-07-09,1.3319,0.01238978412891445
515650,2020-07-10,1.3339,0.0015016142353030393
515650,2020-07-13,1.3653,0.023539995501911548
515650,2020-07-14,1.3589,-0.004687614443712018
515650,2020-07-15,1.3715,0.009272205460298721
515650,2020-07-16,1.2773,-0.06868392271235857
515650,2020-07-17,1.3156,0.02998512487277849
515650,2020-07-20,1.3288,0.010033444816053505
515650,2020-07-21,1.3439,0.011363636363636465
515650,2020-07-22,1.362,0.013468264007738595
515650,2020-07-23,1.3779,0.011674008810572456
515650,2020-07-24,1.3115,-0.048189273532186494
515650,2020-07-27,1.3192,0.005871139916126422
515650,2020-07-28,1.3504,0.023650697392359143
515650,2020-07-29,1.3812,0.022808056872037907
515650,2020-07-30,1.3799,-0.0009412105415581573
515650,2020-07-31,1.3936,0.00992825567070077
515650,2020-08-03,1.4032,0.006888633754305484
515650,2020-08-04,1.3933,-0.007055302166476651
515650,2020-08-05,1.3984,0.0036603746501113754
515650,2020-08-06,1.3757,-0.01623283752860427
515650,2020-08-07,1.37,-0.004143345206076732
515650,2020-08-10,1.3766,0.004817518248175112
515650,2020-08-11,1.3793,0.001961354060729281
515650,2020-08-12,1.3573,-0.015950119625897208
515650,2020-08-13,1.3563,-0.0007367567965813615
515650,2020-08-14,1.3806,0.01791639017916391
515650,2020-08-17,1.4009,0.01470375199188756
515650,2020-08-18,1.4109,0.007138268256120961
515650,2020-08-19,1.3977,-0.009355730384860816
515650,2020-08-20,1.3757,-0.015740144523145205
515650,2020-08-21,1.3924,0.012139274551137724
515650,2020-08-24,1.4121,0.014148233266302768
515650,2020-08-25,1.4316,0.013809220310176284
515650,2020-08-26,1.4219,-0.0067756356524169
515650,2020-08-27,1.4302,0.00583726000421958
515650,2020-08-28,1.4782,0.03356173961683684
515650,2020-08-31,1.477,-0.0008117981328642498
515650,2020-09-01,1.4832,0.00419769803656056
515650,2020-09-02,1.4858,0.0017529665587918686
515650,2020-09-03,1.4805,-0.003567101897967495
515650,2020-09-04,1.4503,-0.020398514015535274
515650,2020-09-07,1.414,-0.025029304281872666
515650,2020-09-08,1.4023,-0.008274398868458155
515650,2020-09-09,1.3649,-0.026670469942237873
515650,2020-09-10,1.3815,0.012162063154809832
515650,2020-09-11,1.394,0.009048136083966707
515650,2020-09-14,1.4085,0.010401721664275554
515650,2020-09-15,1.4258,0.012282570110045965
515650,2020-09-16,1.4033,-0.015780614391920356
515650,2020-09-17,1.3856,-0.01261312620252264
515650,2020-09-18,1.4064,0.015011547344111031
515650,2020-09-21,1.3897,-0.011874288964732749
515650,2020-09-22,1.3796,-0.007267755630711692
515650,2020-09-23,1.387,0.005363873586546886
515650,2020-09-24,1.3643,-0.016366258111030985
515650,2020-09-25,1.3674,0.002272227515942138
515650,2020-09-28,1.3736,0.00453415240602606
515650,2020-09-29,1.3826,0.006552125800815434
515650,2020-09-30,1.3875,0.003544047446839116
515650,2020-10-09,1.4032,0.011315315315315377
515650,2020-10-12,1.4514,0.03435005701254279
515650,2020-10-13,1.465,0.009370263194157458
515650,2020-10-14,1.4585,-0.004436860068259496
515650,2020-10-15,1.4529,-0.0038395611930064355
515650,2020-10-16,1.4424,-0.007226925459426048
515650,2020-10-19,1.4279,-0.01005268996117581
515650,2020-10-20,1.4543,0.018488689684151627
515650,2020-10-21,1.4571,0.0019253248985766636
515650,2020-10-22,1.4629,0.003980509230663731
515650,2020-10-23,1.4281,-0.023788365575227344
515650,2020-10-26,1.4177,-0.0072824031930537325
515650,2020-10-27,1.4142,-0.002468787472666989
515650,2020-10-28,1.446,0.02248621128553241
515650,2020-10-29,1.4839,0.026210235131397086
515650,2020-10-30,1.4479,-0.024260394905317062
515650,2020-11-02,1.4677,0.013674977553698398
515650,2020-11-03,1.4804,0.008652994481160858
515650,2020-11-04,1.5029,0.015198594974331181
515650,2020-11-05,1.5194,0.010978774369552413
515650,2020-11-06,1.5295,0.006647360800315916
515650,2020-11-09,1.5549,0.016606734226871422
515650,2020-11-10,1.5454,-0.006109717666730852
515650,2020-11-11,1.5332,-0.007894396272809745
515650,2020-11-12,1.5447,0.007500652230628901
515650,2020-11-13,1.5301,-0.009451673464103028
515650,2020-11-16,1.5451,0.009803280831318206
515650,2020-11-17,1.5393,-0.0037538023428904665
515650,2020-11-18,1.5229,-0.010654193464561756
515650,2020-11-19,1.5522,0.019239608641407946
515650,2020-11-20,1.553,0.0005153975003220346
515650,2020-11-23,1.5707,0.011397295556986542
515650,2020-11-24,1.5589,-0.007512574011587225
515650,2020-11-25,1.5258,-0.02123292064917559
515650,2020-11-26,1.5208,-0.0032769694586447518
515650,2020-11-27,1.5335,0.008350867964229458
515650,2020-11-30,1.5078,-0.016759047929572946
515650,2020-12-01,1.5307,0.015187690675155796
515650,2020-12-02,1.5439,0.008623505585679814
515650,2020-12-03,1.5492,0.0034328648228512115
515650,2020-12-04,1.5733,0.015556416214820512
515650,2020-12-07,1.5822,0.005656899510583013
515650,2020-12-08,1.5821,-6.320313487551132e-05
515650,2020-12-09,1.5535,-0.018077239112571863
515650,2020-12-10,1.5573,0.002446089475377944
515650,2020-12-11,1.5451,-0.007834071790920216
515650,2020-12-14,1.5721,0.01747459711345556
515650,2020-12-15,1.5753,0.002035493925322651
515650,2020-12-16,1.5949,0.012442074525487179
515650,2020-12-17,1.6187,0.014922565678098909
515650,2020-12-18,1.5977,-0.012973373694940449
515650,2020-12-21,1.6156,0.011203605182449783
515650,2020-12-22,1.6179,0.0014236197078485446
515650,2020-12-23,1.6247,0.004202979170529808
515650,2020-12-24,1.6185,-0.0038160891241459938
515650,2020-12-25,1.626,0.004633920296570837
515650,2020-12-28,1.6624,0.022386223862238763
515650,2020-12-29,1.6522,-0.0061357074109722465
515650,2020-12-30,1.6856,0.020215470282048287
515650,2020-12-31,1.7253,0.02355244423350733
515650,2021-01-04,1.7676,0.024517475221700558
515650,2021-01-05,1.8406,0.041298936410952614
515650,2021-01-06,1.8567,0.008747147669238231
515650,2021-01-07,1.9049,0.025960036624118166
515650,2021-01-08,1.8561,-0.025618142684655343
515650,2021-01-11,1.8151,-0.022089327083670174
515650,2021-01-12,1.8689,0.02964024020715117
515650,2021-01-13,1.8484,-0.010969019209160491
515650,2021-01-14,1.793,-0.029971867561134014
515650,2021-01-15,1.7642,-0.016062465142219762
515650,2021-01-18,1.7559,-0.004704682008842553
515650,2021-01-19,1.7159,-0.02278034056609146
515650,2021-01-20,1.7331,0.010023894166326874
515650,2021-01-21,1.77,0.02129132767872588
515650,2021-01-22,1.7761,0.0034463276836158574
515650,2021-01-25,1.8473,0.04008783289229201
515650,2021-01-26,1.8105,-0.019920965733773555
515650,2021-01-27,1.7904,-0.011101905550952806
515650,2021-01-28,1.7543,-0.020163092046470044
515650,2021-01-29,1.7687,0.008208402211708377
515650,2021-02-01,1.7927,0.013569288177757599
515650,2021-02-02,1.8485,0.031126234171919398
515650,2021-02-03,1.8641,0.008439275087909204
515650,2021-02-04,1.8717,0.004077034493857434
515650,2021-02-05,1.8933,0.011540310947267152
515650,2021-02-08,1.9267,0.01764115565414892
515650,2021-02-09,1.9769,0.026054912544765774
515650,2021-02-10,2.0603,0.04218726288633712
515650,2021-02-18,1.9819,-0.038052710770276055
515650,2021-02-19,2.003,0.010646349462636984
515650,2021-02-22,1.879,-0.06190713929106351
515650,2021-02-23,1.8681,-0.005800957956359709
515650,2021-02-24,1.8098,-0.031208179433649175
515650,2021-02-25,1.7961,-0.007569897226212818
515650,2021-02-26,1.7464,-0.02767106508546302
515650,2021-03-01,1.7796,0.0190105359596886
515650,2021-03-02,1.7442,-0.019892110586648748
515650,2021-03-03,1.775,0.017658525398463354
515650,2021-03-04,1.6976,-0.0436056338028169
515650,2021-03-05,1.6986,0.0005890669180019792
515650,2021-03-08,1.605,-0.05510420346167444
515650,2021-03-09,1.5689,-0.022492211838006204
515650,2021-03-10,1.6037,0.022181146025878062
515650,2021-03-11,1.6501,0.02893309222423146
515650,2021-03-12,1.6542,0.0024846978970971545
515650,2021-03-15,1.593,-0.03699673558215444
515650,2021-03-16,1.618,0.015693659761456535
515650,2021-03-17,1.6502,0.019901112484548733
515650,2021-03-18,1.6854,0.02133074778814703
515650,2021-03-19,1.644,-0.024563901744393046
515650,2021-03-22,1.6443,0.00018248175182500326
515650,2021-03-23,1.6297,-0.008879158304445744
515650,2021-03-24,1.6182,-0.0070565134687364806
515650,2021-03-25,1.6127,-0.003398838215300959
515650,2021-03-26,1.6549,0.026167297079431995
515650,2021-03-29,1.6647,0.005921807964227366
515650,2021-03-30,1.679,0.008590136360905776
515650,2021-03-31,1.6566,-0.013341274568195338
515650,2021-04-01,1.6978,0.024870216105275844
515650,2021-04-02,1.7552,0.033808458004476405
515650,2021-04-06,1.7297,-0.014528258887876122
515650,2021-04-07,1.6859,-0.0253223102272071
515650,2021-04-08,1.7017,0.009371848864108134
515650,2021-04-09,1.6629,-0.022800728683081584
515650,2021-04-12,1.6424,-0.012327860965782644
515650,2021-04-13,1.6329,-0.0057842182172430645
515650,2021-04-14,1.6556,0.013901647375834436
515650,2021-04-15,1.638,-0.010630587098332978
515650,2021-04-16,1.6479,0.0060439560439560225
515650,2021-04-19,1.6799,0.019418654044541572
515650,2021-04-20,1.6854,0.0032740044050241224
515650,2021-04-21,1.6904,0.002966654800047319
515650,2021-04-22,1.6846,-0.0034311405584476207
515650,2021-04-23,1.7198,0.020895167992401653
515650,2021-04-26,1.6854,-0.02000232585184325
515650,2021-04-27,1.7024,0.01008662632016133
515650,2021-04-28,1.7128,0.006109022556391119
515650,2021-04-29,1.738,0.014712751050910633
515650,2021-04-30,1.7162,-0.01254315304948217
515650,2021-05-06,1.6634,-0.030765645029716793
515650,2021-05-07,1.6299,-0.020139473367800975
515650,2021-05-10,1.6138,-0.009877906620038068
515650,2021-05-11,1.6529,0.0242285289379105
515650,2021-05-12,1.6643,0.00689696896363956
515650,2021-05-13,1.6485,-0.009493480742654437
515650,2021-05-14,1.6858,0.02262663026994227
515650,2021-05-17,1.729,0.025625815636493243
515650,2021-05-18,1.724,-0.0028918449971082616
515650,2021-05-19,1.7223,-0.0009860788863109704
515650,2021-05-20,1.7427,0.011844626371712241
515650,2021-05-21,1.7223,-0.011705973489412935
515650,2021-05-24,1.7345,0.007083551065435678
515650,2021-05-25,1.8068,0.041683482271547945
515650,2021-05-26,1.8041,-0.0014943546601726698
515650,2021-05-27,1.8087,0.0025497477966853754
515650,2021-05-28,1.7957,-0.00718748272239722
515650,2021-05-31,1.7838,-0.006626942139555614
515650,2021-06-01,1.7891,0.002971185110438368
515650,2021-06-02,1.7765,-0.007042647141020542
515650,2021-06-03,1.7799,0.00191387559808609
515650,2021-06-04,1.7875,0.004269902803528236
515650,2021-06-07,1.7761,-0.006377622377622405
515650,2021-06-08,1.7362,-0.02246495129778736
515650,2021-06-09,1.7378,0.0009215528164958631
515650,2021-06-10,1.7479,0.005811946138796209
515650,2021-06-11,1.7205,-0.015675954001945214
515650,2021-06-15,1.7031,-0.010113339145597089
515650,2021-06-16,1.6893,-0.00810287123480713
515650,2021-06-17,1.681,-0.004913277688983642
515650,2021-06-18,1.6585,-0.013384889946460365
515650,2021-06-21,1.6412,-0.010431112451010027
515650,2021-06-22,1.6436,0.0014623446258834605
515650,2021-06-23,1.6393,-0.002616208323192981
515650,2021-06-24,1.6421,0.0017080461172451766
515650,2021-06-25,1.6674,0.015407100663784146
515650,2021-06-28,1.6875,0.01205469593378905
515650,2021-06-29,1.6586,-0.017125925925925878
515650,2021-06-30,1.6581,-0.0003014590618595214
515650,2021-07-01,1.6745,0.009890838912007816
515650,2021-07-02,1.6163,-0.03475664377426102
515650,2021-07-05,1.593,-0.014415640660768503
515650,2021-07-06,1.588,-0.003138731952291196
515650,2021-07-07,1.5976,0.006045340050377712
515650,2021-07-08,1.5685,-0.018214822233349914
515650,2021-07-09,1.5525,-0.010200828817341412
515650,2021-07-12,1.5714,0.012173913043478146
515650,2021-07-13,1.6048,0.021254931907852992
515650,2021-07-14,1.6008,-0.002492522432701927
515650,2021-07-15,1.6183,0.010932033983008571
515650,2021-07-16,1.5849,-0.02063894209973438
513050,2017-01-06,1.0003,0.00029999999999996696
513050,2017-01-10,1.0003,0.0
513050,2017-01-11,1.0004,9.997000899719666e-05
513050,2017-01-12,1.0004,0.0
513050,2017-01-13,1.0004,0.0
513050,2017-01-16,0.9999,-0.0004998000799679714
513050,2017-01-17,0.9999,0.0
513050,2017-01-18,0.9975,-0.002400240024002409
513050,2017-01-19,0.9994,0.0019047619047618536
513050,2017-01-20,0.9967,-0.0027016209725835294
513050,2017-01-23,1.0042,0.007524831945419752
513050,2017-01-24,1.0116,0.007369049990041843
513050,2017-01-25,1.0237,0.011961249505733518
513050,2017-01-26,1.0207,-0.002930546058415695
513050,2017-02-03,1.0164,-0.004212795140589809
513050,2017-02-06,1.0266,0.010035419126328105
513050,2017-02-07,1.027,0.00038963569062921977
513050,2017-02-08,1.0433,0.0158714703018501
513050,2017-02-09,1.0413,-0.001916994153167817
513050,2017-02-10,1.0464,0.004897723998847692
513050,2017-02-13,1.0525,0.005829510703363905
513050,2017-02-14,1.0442,-0.007885985748218527
513050,2017-02-15,1.0519,0.007374066270829482
513050,2017-02-16,1.0678,0.015115505276166896
513050,2017-02-17,1.0618,-0.0056190297808578205
513050,2017-02-21,1.0749,0.012337540026370108
513050,2017-02-22,1.0896,0.013675690761931314
513050,2017-02-23,1.0775,-0.011104992657856139
513050,2017-02-24,1.063,-0.01345707656612527
513050,2017-02-27,1.0659,0.002728127939793046
513050,2017-02-28,1.061,-0.004597054132657985
513050,2017-03-01,1.0685,0.00706880301602264
513050,2017-03-02,1.0605,-0.0074871314927468235
513050,2017-03-03,1.063,0.0023573785950024018
513050,2017-03-06,1.0581,-0.004609595484477813
513050,2017-03-07,1.0668,0.008222285228239201
513050,2017-03-08,1.0746,0.007311586051743646
513050,2017-03-09,1.0692,-0.005025125628140725
513050,2017-03-10,1.0742,0.004676393565282488
513050,2017-03-13,1.0863,0.011264196611431743
513050,2017-03-14,1.0846,-0.0015649452269170805
513050,2017-03-15,1.0816,-0.002765996680804128
513050,2017-03-16,1.0958,0.013128698224852187
513050,2017-03-17,1.1001,0.003924073736083278
513050,2017-03-20,1.1141,0.012726115807653926
513050,2017-03-21,1.0899,-0.021721568979445327
513050,2017-03-22,1.0874,-0.0022937884209561776
513050,2017-03-23,1.0934,0.005517748758506524
513050,2017-03-24,1.0962,0.00256081946222797
513050,2017-03-27,1.0943,-0.0017332603539500502
513050,2017-03-28,1.0976,0.0030156264278533573
513050,2017-03-29,1.1062,0.007835276967930183
513050,2017-03-30,1.1015,-0.004248779605858011
513050,2017-03-31,1.0968,-0.00426690876078073
513050,2017-04-05,1.0974,0.000547045951859948
513050,2017-04-06,1.1035,0.005558593038089921
513050,2017-04-07,1.1042,0.0006343452650658943
513050,2017-04-10,1.1148,0.009599710197427891
513050,2017-04-11,1.1022,-0.011302475780408994
513050,2017-04-12,1.1082,0.005443658138268859
513050,2017-04-13,1.0998,-0.007579859231185648
513050,2017-04-18,1.1057,0.005364611747590287
513050,2017-04-19,1.1081,0.002170570679207895
513050,2017-04-20,1.1275,0.017507445176428105
513050,2017-04-21,1.1322,0.004168514412417057
513050,2017-04-24,1.1418,0.00847906730259651
513050,2017-04-25,1.1661,0.021282186022070437
513050,2017-04-26,1.1602,-0.005059600377326112
513050,2017-04-27,1.171,0.009308739872435856
513050,2017-04-28,1.1607,-0.008795900939367995
513050,2017-05-02,1.1753,0.012578616352201255
513050,2017-05-04,1.1621,-0.011231175019144168
513050,2017-05-05,1.165,0.0024954823164962114
513050,2017-05-08,1.1824,0.014935622317596486
513050,2017-05-09,1.2104,0.023680649526387043
513050,2017-05-10,1.2202,0.008096497025776639
513050,2017-05-11,1.2248,0.003769873791181988
513050,2017-05-12,1.2317,0.0056335728282168596
513050,2017-05-15,1.2336,0.0015425834212876577
513050,2017-05-16,1.2573,0.019212062256809492
513050,2017-05-17,1.2319,-0.02020202020202022
513050,2017-05-18,1.2338,0.0015423329815731357
513050,2017-05-19,1.2624,0.023180418220132948
513050,2017-05-22,1.2792,0.013307984790874361
513050,2017-05-23,1.2661,-0.010240775484677833
513050,2017-05-24,1.2618,-0.0033962562198878166
513050,2017-05-25,1.2724,0.008400697416389269
513050,2017-05-26,1.2718,-0.0004715498270982943
513050,2017-05-31,1.2404,-0.024689416574933287
513050,2017-06-01,1.2453,0.003950338600451575
513050,2017-06-02,1.2459,0.00048181161165983255
513050,2017-06-05,1.25,0.0032907938036761397
513050,2017-06-06,1.2512,0.0009600000000000719
513050,2017-06-07,1.2656,0.011508951406649537
513050,2017-06-08,1.3003,0.02741782553729455
513050,2017-06-09,1.272,-0.021764208259632434
513050,2017-06-12,1.2622,-0.007704402515723241
513050,2017-06-13,1.2562,-0.004753604816986168
513050,2017-06-14,1.25,-0.0049355198216843865
513050,2017-06-15,1.2334,-0.013279999999999959
513050,2017-06-16,1.2346,0.0009729203826818189
513050,2017-06-19,1.2682,0.027215292402397617
513050,2017-06-20,1.2673,-0.0007096672449139474
513050,2017-06-21,1.2949,0.02177858439201441
513050,2017-06-22,1.2946,-0.00023167812186264403
513050,2017-06-23,1.3035,0.006874710335238676
513050,2017-06-26,1.302,-0.0011507479861910808
513050,2017-06-27,1.2859,-0.01236559139784943
513050,2017-06-28,1.2901,0.003266194882961315
513050,2017-06-29,1.2708,-0.014960080613905968
513050,2017-06-30,1.2589,-0.009364180044066694
513050,2017-07-03,1.2595,0.00047660656128378776
513050,2017-07-05,1.2692,0.007701468836839975
513050,2017-07-06,1.259,-0.008036558462023446
513050,2017-07-07,1.2566,-0.001906274821286691
513050,2017-07-10,1.2754,0.014961005888906698
513050,2017-07-11,1.2943,0.014818880351262331
513050,2017-07-12,1.3141,0.015297844394653426
513050,2017-07-13,1.3168,0.0020546381553914195
513050,2017-07-14,1.3306,0.010479951397326825
513050,2017-07-17,1.3192,-0.008567563505185727
513050,2017-07-18,1.3402,0.015918738629472573
513050,2017-07-19,1.3507,0.007834651544545546
513050,2017-07-20,1.346,-0.0034796772044124458
513050,2017-07-21,1.3479,0.001411589895988108
513050,2017-07-24,1.3653,0.012908969508123702
513050,2017-07-25,1.3669,0.0011719036109281156
513050,2017-07-26,1.389,0.016167971321969343
513050,2017-07-27,1.3821,-0.00496760259179263
513050,2017-07-28,1.4162,0.024672599667173056
513050,2017-07-31,1.4255,0.00656686908628723
513050,2017-08-01,1.4229,-0.0018239214310767915
513050,2017-08-02,1.4032,-0.01384496450910122
513050,2017-08-03,1.4109,0.005487457240592963
513050,2017-08-04,1.4165,0.003969097739031868
513050,2017-08-07,1.4511,0.024426403106247774
513050,2017-08-08,1.4619,0.00744262972917098
513050,2017-08-09,1.4625,0.0004104247896572488
513050,2017-08-10,1.4055,-0.03897435897435897
513050,2017-08-11,1.388,-0.012451085023123531
513050,2017-08-14,1.4015,0.009726224783861648
513050,2017-08-15,1.4024,0.0006421691045308542
513050,2017-08-16,1.4118,0.006702795208214374
513050,2017-08-17,1.4013,-0.007437314067148315
513050,2017-08-18,1.4054,0.00292585456361949
513050,2017-08-21,1.4246,0.0136615910061193
513050,2017-08-22,1.4363,0.008212831672048226
513050,2017-08-23,1.4427,0.004455893615540107
513050,2017-08-24,1.4375,-0.0036043529493311466
513050,2017-08-25,1.4222,-0.010643478260869643
513050,2017-08-28,1.3921,-0.021164393193643716
513050,2017-08-29,1.3894,-0.0019395158393793466
513050,2017-08-30,1.414,0.01770548438174746
513050,2017-08-31,1.4223,0.005869872701555812
513050,2017-09-01,1.4224,7.03086549955767e-05
513050,2017-09-05,1.3909,-0.022145669291338654
513050,2017-09-06,1.3932,0.00165360557912142
513050,2017-09-07,1.4082,0.010766580534022241
513050,2017-09-08,1.394,-0.010083794915494937
513050,2017-09-11,1.4226,0.0205164992826401
513050,2017-09-12,1.4449,0.015675523689020032
513050,2017-09-13,1.4619,0.011765520105197602
513050,2017-09-14,1.4628,0.0006156371844860953
513050,2017-09-15,1.4579,-0.0033497402242276264
513050,2017-09-18,1.4829,0.017147952534467548
513050,2017-09-19,1.4798,-0.002090498347832037
513050,2017-09-20,1.4795,-0.0002027300986620073
513050,2017-09-21,1.4758,-0.002500844880027109
513050,2017-09-22,1.4739,-0.0012874373221303248
513050,2017-09-25,1.4292,-0.030327702015062075
513050,2017-09-26,1.4227,-0.00454799888049251
513050,2017-09-27,1.44,0.012159977507556041
513050,2017-09-28,1.4341,-0.0040972222222221966
513050,2017-09-29,1.4511,0.011854124538037913
513050,2017-10-09,1.5017,0.034870098545930706
513050,2017-10-10,1.5165,0.009855497103282929
513050,2017-10-11,1.5055,-0.007253544345532381
513050,2017-10-12,1.4911,-0.009564928595151123
513050,2017-10-13,1.4989,0.0052310374891018085
513050,2017-10-16,1.5271,0.0188137967843085
513050,2017-10-17,1.5101,-0.011132211381049029
513050,2017-10-18,1.5226,0.0082775975100986
513050,2017-10-19,1.4922,-0.019965847891764033
513050,2017-10-20,1.4916,-0.00040209087253717524
513050,2017-10-23,1.4825,-0.006100831322070288
513050,2017-10-24,1.4812,-0.0008768971332208109
513050,2017-10-25,1.4661,-0.010194436943019247
513050,2017-10-26,1.4485,-0.012004638155651115
513050,2017-10-27,1.4427,-0.004004142216085471
513050,2017-10-30,1.4483,0.0038816108685102435
513050,2017-10-31,1.4691,0.01436166540081496
513050,2017-11-01,1.4817,0.008576679599754833
513050,2017-11-02,1.4718,-0.006681514476614692
513050,2017-11-03,1.4768,0.0033972007066176424
513050,2017-11-06,1.5139,0.025121885157096457
513050,2017-11-07,1.5263,0.008190765572362757
513050,2017-11-08,1.5221,-0.002751752604337243
513050,2017-11-09,1.5201,-0.0013139741147099038
513050,2017-11-10,1.5099,-0.006710084862837973
513050,2017-11-13,1.5189,0.005960659646334188
513050,2017-11-14,1.4987,-0.013299098031470113
513050,2017-11-15,1.4951,-0.002402081804230183
513050,2017-11-16,1.5324,0.024948164002407847
513050,2017-11-17,1.5554,0.015009135995823542
513050,2017-11-20,1.5649,0.006107753632506041
513050,2017-11-21,1.5917,0.017125694932583535
513050,2017-11-22,1.5933,0.0010052145504806376
513050,2017-11-24,1.5682,-0.015753467645766572
513050,2017-11-27,1.5455,-0.01447519449049861
513050,2017-11-28,1.5439,-0.001035263668715647
513050,2017-11-29,1.5036,-0.02610272686054793
513050,2017-11-30,1.4884,-0.01010907156158558
513050,2017-12-01,1.464,-0.016393442622950838
513050,2017-12-04,1.4488,-0.01038251366120213
513050,2017-12-05,1.4372,-0.008006626173384879
513050,2017-12-06,1.4362,-0.0006957973838018772
513050,2017-12-07,1.4553,0.013298983428492006
513050,2017-12-08,1.4763,0.01443001443001446
513050,2017-12-11,1.5036,0.01849217638691325
513050,2017-12-12,1.4814,-0.014764565043894673
513050,2017-12-13,1.5077,0.017753476441204175
513050,2017-12-14,1.4916,-0.010678516946342143
513050,2017-12-15,1.493,0.0009385894341646939
513050,2017-12-18,1.5273,0.022973878097789724
513050,2017-12-19,1.5236,-0.002422575787337178
513050,2017-12-20,1.5175,-0.004003675505381943
513050,2017-12-21,1.5318,0.009423393739703467
513050,2017-12-22,1.5352,0.002219610915263015
513050,2017-12-27,1.5136,-0.014069828035434995
513050,2017-12-28,1.506,-0.005021141649048655
513050,2017-12-29,1.4982,-0.00517928286852587
513050,2017-12-31,1.4981,-6.674676278195513e-05
513050,2018-01-02,1.5527,0.036446165142513864
513050,2018-01-03,1.557,0.0027693694854125095
513050,2018-01-04,1.572,0.009633911368015502
513050,2018-01-05,1.5928,0.01323155216284988
513050,2018-01-08,1.6073,0.009103465595178273
513050,2018-01-09,1.6185,0.006968207553039285
513050,2018-01-10,1.6085,-0.006178560395427857
513050,2018-01-11,1.5977,-0.006714330121231016
513050,2018-01-12,1.6053,0.004756837954559723
513050,2018-01-16,1.5878,-0.010901389148445628
513050,2018-01-17,1.5958,0.005038417936767958
513050,2018-01-18,1.5936,-0.0013786188745458228
513050,2018-01-19,1.594,0.00025100401606437117
513050,2018-01-22,1.5957,0.001066499372647245
513050,2018-01-23,1.622,0.01648179482358847
513050,2018-01-24,1.6233,0.0008014796547470837
513050,2018-01-25,1.6198,-0.0021561017680035155
513050,2018-01-26,1.6611,0.02549697493517722
513050,2018-01-29,1.6344,-0.01607368611161275
513050,2018-01-30,1.5993,-0.021475770925110216
513050,2018-01-31,1.6123,0.008128556243356622
513050,2018-02-01,1.5642,-0.02983315760094274
513050,2018-02-02,1.5246,-0.025316455696202556
513050,2018-02-05,1.4835,-0.02695789059425413
513050,2018-02-06,1.4777,-0.003909673070441544
513050,2018-02-07,1.452,-0.01739189280638831
513050,2018-02-08,1.4041,-0.032988980716253447
513050,2018-02-09,1.4185,0.010255679794886507
513050,2018-02-12,1.4331,0.010292562566091012
513050,2018-02-13,1.4692,0.02519014723327051
513050,2018-02-14,1.5306,0.041791451129866486
513050,2018-02-22,1.5696,0.025480203841630855
513050,2018-02-23,1.5949,0.01611875637104987
513050,2018-02-26,1.5939,-0.0006269985579032689
513050,2018-02-27,1.5479,-0.02886002886002892
513050,2018-02-28,1.5379,-0.006460365656696165
513050,2018-03-01,1.5308,-0.00461668509005797
513050,2018-03-02,1.5196,-0.007316435850535541
513050,2018-03-05,1.5225,0.00190839694656475
513050,2018-03-06,1.5509,0.01865353037766826
513050,2018-03-07,1.5576,0.004320072216132731
513050,2018-03-08,1.5662,0.0055213148433486126
513050,2018-03-09,1.5949,0.018324607329842868
513050,2018-03-12,1.6092,0.008966079378017522
513050,2018-03-13,1.5803,-0.017959234402187385
513050,2018-03-14,1.5906,0.00651774979434272
513050,2018-03-15,1.6154,0.015591600653841242
513050,2018-03-16,1.6221,0.004147579546861513
513050,2018-03-19,1.588,-0.021022131804451005
513050,2018-03-20,1.6049,0.010642317380352484
513050,2018-03-21,1.5949,-0.006230917814194048
513050,2018-03-22,1.5113,-0.052417079440717274
513050,2018-03-23,1.4721,-0.025937934228809745
513050,2018-03-26,1.5074,0.023979349228992586
513050,2018-03-27,1.4581,-0.032705320419264994
513050,2018-03-28,1.4174,-0.027913037514573746
513050,2018-03-29,1.44,0.01594468745590505
513050,2018-04-03,1.4002,-0.02763888888888888
513050,2018-04-04,1.3998,-0.00028567347521779585
513050,2018-04-09,1.4118,0.008572653236176508
513050,2018-04-10,1.4463,0.024436889077773083
513050,2018-04-11,1.4379,-0.005807923667288883
513050,2018-04-12,1.4304,-0.005215939912372236
513050,2018-04-13,1.4048,-0.017897091722595015
513050,2018-04-16,1.4058,0.0007118451025056594
513050,2018-04-17,1.4213,0.01102575046237031
513050,2018-04-18,1.4321,0.007598677267290466
513050,2018-04-19,1.4284,-0.002583618462397852
513050,2018-04-20,1.4054,-0.016101932231867733
513050,2018-04-23,1.391,-0.01024619325458942
513050,2018-04-24,1.3812,-0.007045291157440681
513050,2018-04-25,1.3587,-0.016290182450043433
513050,2018-04-26,1.3783,0.014425553838227856
513050,2018-04-27,1.4102,0.02314445331205084
513050,2018-05-02,1.4309,0.014678768968940714
513050,2018-05-03,1.4269,-0.0027954434272136064
513050,2018-05-04,1.4335,0.004625411731726148
513050,2018-05-07,1.4598,0.018346703871642722
513050,2018-05-08,1.4808,0.014385532264693746
513050,2018-05-09,1.479,-0.001215559157212165
513050,2018-05-10,1.5051,0.01764705882352935
513050,2018-05-11,1.4978,-0.0048501760680353945
513050,2018-05-14,1.5095,0.007811456803311634
513050,2018-05-15,1.4865,-0.015236833388539317
513050,2018-05-16,1.5102,0.015943491422805378
513050,2018-05-17,1.4992,-0.007283803469739003
513050,2018-05-18,1.4654,-0.022545357524012877
513050,2018-05-21,1.451,-0.00982666848642011
513050,2018-05-23,1.4538,0.001929703652653325
513050,2018-05-24,1.4525,-0.0008942082817444685
513050,2018-05-25,1.46,0.005163511187607606
513050,2018-05-29,1.458,-0.00136986301369868
513050,2018-05-30,1.457,-0.000685871056241405
513050,2018-05-31,1.4611,0.0028140013726836166
513050,2018-06-01,1.4927,0.021627540893847108
513050,2018-06-04,1.5407,0.03215649494205142
513050,2018-06-05,1.5464,0.0036996170571819142
513050,2018-06-06,1.5564,0.006466632177961618
513050,2018-06-07,1.5475,-0.005718324338216285
513050,2018-06-08,1.5465,-0.0006462035541195954
513050,2018-06-11,1.5649,0.011897833818299342
513050,2018-06-12,1.5788,0.008882356700108618
513050,2018-06-13,1.5723,-0.004117050924752896
513050,2018-06-14,1.5876,0.009730967372638677
513050,2018-06-15,1.5911,0.0022045855379189128
513050,2018-06-19,1.5455,-0.02865941801269556
513050,2018-06-20,1.5676,0.014299579424134512
513050,2018-06-21,1.5429,-0.015756570553712823
513050,2018-06-22,1.5435,0.0003888780867198349
513050,2018-06-25,1.485,-0.03790087463556846
513050,2018-06-26,1.4926,0.005117845117845077
513050,2018-06-27,1.4499,-0.028607798472464085
513050,2018-06-28,1.4741,0.016690806262500857
513050,2018-06-29,1.4923,0.012346516518553674
513050,2018-06-30,1.4923,0.0
513050,2018-07-03,1.4939,0.0010721704751055494
513050,2018-07-05,1.478,-0.010643282682910482
513050,2018-07-06,1.5089,0.020906630581867258
513050,2018-07-09,1.5371,0.0186891112731129
513050,2018-07-10,1.5166,-0.013336803070717607
513050,2018-07-11,1.4979,-0.012330212317024913
513050,2018-07-12,1.5363,0.02563589024634494
513050,2018-07-13,1.5271,-0.005988413721278452
513050,2018-07-16,1.5302,0.0020299914871324543
513050,2018-07-17,1.5345,0.002810090184289571
513050,2018-07-18,1.5284,-0.003975236233300761
513050,2018-07-19,1.5032,-0.016487830410887083
513050,2018-07-20,1.5138,0.007051623203831792
513050,2018-07-23,1.5058,-0.0052847139648566355
513050,2018-07-24,1.5129,0.0047151016071189655
513050,2018-07-25,1.5595,0.030801771432348524
513050,2018-07-26,1.5293,-0.019365181147803834
513050,2018-07-27,1.5117,-0.011508533315896186
513050,2018-07-30,1.4826,-0.019249851160944687
513050,2018-07-31,1.4715,-0.0074868474301901244
513050,2018-08-01,1.4507,-0.014135236153584696
513050,2018-08-02,1.4257,-0.01723305990211632
513050,2018-08-03,1.4332,0.005260573753244069
513050,2018-08-06,1.433,-0.00013954786491765514
513050,2018-08-07,1.4383,0.003698534542916798
513050,2018-08-08,1.4183,-0.013905304873809365
513050,2018-08-09,1.4107,-0.005358527814989689
513050,2018-08-10,1.4106,-7.088679379030349e-05
513050,2018-08-13,1.3875,-0.016376010208422054
513050,2018-08-14,1.3441,-0.031279279279279204
513050,2018-08-15,1.3104,-0.02507253924559194
513050,2018-08-16,1.3146,0.0032051282051281937
513050,2018-08-17,1.336,0.016278715959227252
513050,2018-08-20,1.3632,0.02035928143712562
513050,2018-08-21,1.3627,-0.00036678403755863176
513050,2018-08-22,1.3706,0.005797314155720379
513050,2018-08-23,1.3499,-0.015102874653436404
513050,2018-08-24,1.3627,0.009482183865471505
513050,2018-08-27,1.3973,0.02539076832758491
513050,2018-08-28,1.3799,-0.012452587132326665
513050,2018-08-29,1.3763,-0.002608884701789882
513050,2018-08-30,1.3471,-0.021216304584756318
513050,2018-08-31,1.3435,-0.002672407393660481
513050,2018-09-04,1.3189,-0.01831038332713064
513050,2018-09-05,1.2673,-0.039123512017590345
513050,2018-09-06,1.255,-0.009705673479050159
513050,2018-09-07,1.259,0.0031872509960160222
513050,2018-09-10,1.2324,-0.021127879269261296
513050,2018-09-11,1.2347,0.0018662771827329117
513050,2018-09-12,1.2525,0.014416457439053953
513050,2018-09-13,1.2932,0.032495009980039846
513050,2018-09-14,1.2864,-0.0052582740488709145
513050,2018-09-17,1.2555,-0.02402052238805963
513050,2018-09-18,1.2535,-0.0015929908403026216
513050,2018-09-19,1.2934,0.03183087355404868
513050,2018-09-20,1.3129,0.01507654244626555
513050,2018-09-21,1.315,0.001599512529514735
513050,2018-09-26,1.3132,-0.0013688212927757126
513050,2018-09-27,1.3177,0.0034267438318611454
513050,2018-09-28,1.3116,-0.00462927828792592
513050,2018-10-08,1.2059,-0.08058859408356212
513050,2018-10-09,1.1918,-0.01169251181690023
513050,2018-10-10,1.1528,-0.03272361134418522
513050,2018-10-11,1.1375,-0.013272033310201325
513050,2018-10-12,1.1871,0.04360439560439566
513050,2018-10-15,1.1599,-0.02291298121472507
513050,2018-10-16,1.1753,0.013277006638503286
513050,2018-10-18,1.1276,-0.04058538245554333
513050,2018-10-19,1.1271,-0.0004434196523589451
513050,2018-10-22,1.1625,0.031408038328453625
513050,2018-10-23,1.1331,-0.02529032258064523
513050,2018-10-24,1.084,-0.043332450798693745
513050,2018-10-25,1.1092,0.02324723247232452
513050,2018-10-26,1.0979,-0.010187522538766536
513050,2018-10-29,1.0662,-0.028873303579561083
513050,2018-10-30,1.0686,0.0022509848058525073
513050,2018-10-31,1.1149,0.04332771851020034
513050,2018-11-01,1.1879,0.0654767243698986
513050,2018-11-02,1.1942,0.005303476723629963
513050,2018-11-05,1.1706,-0.019762183888795692
513050,2018-11-06,1.1788,0.0070049547240731425
513050,2018-11-07,1.198,0.016287750254496025
513050,2018-11-08,1.1578,-0.033555926544240444
513050,2018-11-09,1.1137,-0.03808948004836765
513050,2018-11-12,1.0889,-0.02226811529137107
513050,2018-11-13,1.1111,0.020387547065846334
513050,2018-11-14,1.1255,0.012960129601296
513050,2018-11-15,1.1672,0.03705019991115077
513050,2018-11-16,1.1606,-0.005654557916381031
513050,2018-11-19,1.1362,-0.021023608478373257
513050,2018-11-20,1.1045,-0.0279000176025348
513050,2018-11-21,1.1443,0.03603440470801278
513050,2018-11-23,1.1182,-0.022808704011185843
513050,2018-11-26,1.1451,0.02405651940618836
513050,2018-11-27,1.1477,0.002270544057287438
513050,2018-11-28,1.1759,0.02457088089221915
513050,2018-11-29,1.1465,-0.02500212603112495
513050,2018-11-30,1.1717,0.02197993894461403
513050,2018-12-03,1.2096,0.032346163693778296
513050,2018-12-04,1.1743,-0.029183201058201158
513050,2018-12-06,1.144,-0.025802605807715207
513050,2018-12-07,1.1366,-0.0064685314685313244
513050,2018-12-10,1.1265,-0.008886151680450483
513050,2018-12-11,1.1374,0.009675987572125955
513050,2018-12-12,1.1566,0.016880604888341866
513050,2018-12-13,1.1557,-0.000778142832440043
513050,2018-12-14,1.134,-0.01877649909145973
513050,2018-12-17,1.1056,-0.025044091710758387
513050,2018-12-18,1.0835,-0.019989146164978266
513050,2018-12-19,1.0593,-0.022335025380710638
513050,2018-12-20,1.0495,-0.009251392428962335
513050,2018-12-21,1.0529,0.0032396379228203376
513050,2018-12-24,1.0453,-0.007218159369360877
513050,2018-12-27,1.073,0.026499569501578613
513050,2018-12-28,1.0668,-0.005778191985088554
513050,2018-12-31,1.0579,-0.008342707161604679
513050,2019-01-02,1.0492,-0.008223839682389822
513050,2019-01-03,1.0189,-0.028879146016012158
513050,2019-01-04,1.071,0.051133575424477495
513050,2019-01-07,1.092,0.019607843137255054
513050,2019-01-08,1.096,0.00366300366300365
513050,2019-01-09,1.1346,0.03521897810218966
513050,2019-01-10,1.1302,-0.0038780186849990406
513050,2019-01-11,1.1178,-0.010971509467351037
513050,2019-01-14,1.0831,-0.031043120415101044
513050,2019-01-15,1.1033,0.018650170806019828
513050,2019-01-16,1.1223,0.01722106408048596
513050,2019-01-17,1.1232,0.000801924619085792
513050,2019-01-18,1.1499,0.023771367521367548
513050,2019-01-22,1.1193,-0.026611009653013218
513050,2019-01-23,1.125,0.005092468507102765
513050,2019-01-24,1.1331,0.007200000000000095
513050,2019-01-25,1.1722,0.034507104403847855
513050,2019-01-28,1.1567,-0.013222999488141873
513050,2019-01-29,1.1493,-0.0063975101582087746
513050,2019-01-30,1.1739,0.021404333072304826
513050,2019-01-31,1.1916,0.015077945310503438
513050,2019-02-01,1.1885,-0.0026015441423297148
513050,2019-02-11,1.2063,0.01497686159023992
513050,2019-02-12,1.2216,0.012683412086545776
513050,2019-02-13,1.2212,-0.0003274394237066103
513050,2019-02-14,1.2224,0.0009826400262036294
513050,2019-02-15,1.1932,-0.023887434554973774
513050,2019-02-19,1.2085,0.012822661749916087
513050,2019-02-20,1.2169,0.006950765411667614
513050,2019-02-21,1.2059,-0.00903936231407687
513050,2019-02-22,1.2312,0.02098018077784225
513050,2019-02-25,1.254,0.01851851851851838
513050,2019-02-26,1.2414,-0.010047846889952083
513050,2019-02-27,1.2397,-0.0013694216207508214
513050,2019-02-28,1.2406,0.0007259820924416793
513050,2019-03-01,1.2395,-0.0008866677414153257
513050,2019-03-04,1.2588,0.015570794675272115
513050,2019-03-05,1.2906,0.025262154432793116
513050,2019-03-06,1.2892,-0.0010847667751433532
513050,2019-03-07,1.2489,-0.03125969593546385
513050,2019-03-08,1.2288,-0.016094162863319772
513050,2019-03-11,1.2639,0.028564453125
513050,2019-03-12,1.2587,-0.004114249545059012
513050,2019-03-13,1.2494,-0.007388575514419515
513050,2019-03-14,1.2366,-0.010244917560429112
513050,2019-03-15,1.2613,0.019974122594210053
513050,2019-03-18,1.2789,0.013953857131530745
513050,2019-03-19,1.2735,-0.004222378606614896
513050,2019-03-20,1.258,-0.012171181782489215
513050,2019-03-21,1.2538,-0.0033386327503974744
513050,2019-03-22,1.2294,-0.01946083904929019
513050,2019-03-25,1.2332,0.0030909386692696827
513050,2019-03-26,1.2296,-0.002919234511839175
513050,2019-03-27,1.2357,0.004960962914769107
513050,2019-03-28,1.2424,0.005422028000323653
513050,2019-03-29,1.2737,0.02519317450096592
513050,2019-04-01,1.293,0.01515270471853647
513050,2019-04-02,1.2889,-0.00317092034029387
513050,2019-04-03,1.3038,0.011560245170300298
513050,2019-04-04,1.3027,-0.0008436876821599215
513050,2019-04-08,1.3301,0.021033238658171527
513050,2019-04-09,1.3268,-0.002481016464927488
513050,2019-04-10,1.3208,-0.004522158577027424
513050,2019-04-11,1.3085,-0.00931253785584496
513050,2019-04-12,1.3286,0.01536110049675199
513050,2019-04-15,1.2989,-0.022354357970796324
513050,2019-04-16,1.3121,0.010162445145892818
513050,2019-04-17,1.3195,0.005639814038564062
513050,2019-04-18,1.3136,-0.004471390678287057
513050,2019-04-23,1.3236,0.007612667478684498
513050,2019-04-24,1.3177,-0.004457540042308916
513050,2019-04-25,1.3077,-0.007588980799878575
513050,2019-04-26,1.3093,0.0012235222145751123
513050,2019-04-29,1.3202,0.008325059191934825
513050,2019-04-30,1.3181,-0.0015906680805938267
513050,2019-05-06,1.2979,-0.015325089143464088
513050,2019-05-07,1.2771,-0.016025887972879405
513050,2019-05-08,1.2727,-0.003445305770887086
513050,2019-05-09,1.2639,-0.00691443388072599
513050,2019-05-10,1.2683,0.003481288076588207
513050,2019-05-14,1.2486,-0.015532602696522901
513050,2019-05-15,1.266,0.013935607880826595
513050,2019-05-16,1.2639,-0.0016587677725118377
513050,2019-05-17,1.2101,-0.04256665875464838
513050,2019-05-20,1.16,-0.04140153706305272
513050,2019-05-21,1.1779,0.015431034482758621
513050,2019-05-22,1.1611,-0.014262670854911175
513050,2019-05-23,1.1251,-0.031005081388338684
513050,2019-05-24,1.1222,-0.002577548662341056
513050,2019-05-28,1.1229,0.0006237747282122896
513050,2019-05-29,1.1134,-0.008460236886632888
513050,2019-05-30,1.1141,0.000628704867972063
513050,2019-05-31,1.1052,-0.007988510905663881
513050,2019-06-03,1.1039,-0.0011762576909155609
513050,2019-06-04,1.1164,0.01132348944650774
513050,2019-06-05,1.1071,-0.008330347545682626
513050,2019-06-06,1.1082,0.0009935868485233534
513050,2019-06-10,1.1541,0.04141851651326456
513050,2019-06-11,1.1737,0.016982930421973963
513050,2019-06-12,1.1543,-0.016528925619834545
513050,2019-06-13,1.154,-0.00025989777354251675
513050,2019-06-14,1.1382,-0.013691507798960001
513050,2019-06-17,1.1432,0.004392901071867739
513050,2019-06-18,1.1726,0.025717284814555708
513050,2019-06-19,1.1876,0.012792085962817668
513050,2019-06-20,1.2047,0.014398787470528918
513050,2019-06-21,1.1959,-0.007304723167593674
513050,2019-06-24,1.1974,0.0012542854753743171
513050,2019-06-25,1.1769,-0.01712042759311838
513050,2019-06-26,1.1964,0.016568952332398634
513050,2019-06-27,1.2151,0.015630224005349413
513050,2019-06-28,1.2103,-0.003950292157024249
513050,2019-06-30,1.2103,0.0
513050,2019-07-02,1.2413,0.025613484260101016
513050,2019-07-03,1.2375,-0.003061306694594368
513050,2019-07-05,1.2319,-0.004525252525252599
513050,2019-07-08,1.2037,-0.02289146846334933
513050,2019-07-09,1.2077,0.0033230871479603685
513050,2019-07-10,1.2073,-0.0003312080814771301
513050,2019-07-11,1.1999,-0.006129379607388463
513050,2019-07-12,1.2006,0.0005833819484957203
513050,2019-07-15,1.2188,0.01515908712310532
513050,2019-07-16,1.2207,0.0015589104036755064
513050,2019-07-17,1.2215,0.0006553616777260629
513050,2019-07-18,1.2055,-0.013098649201801038
513050,2019-07-19,1.2115,0.004977187888842716
513050,2019-07-22,1.2091,-0.001981015270326014
513050,2019-07-23,1.2306,0.01778182118931415
513050,2019-07-24,1.2433,0.010320169023240844
513050,2019-07-25,1.2372,-0.004906297755971956
513050,2019-07-26,1.235,-0.0017782088587131595
513050,2019-07-29,1.2306,-0.0035627530364373827
513050,2019-07-30,1.2224,-0.006663416219730212
513050,2019-07-31,1.2108,-0.00948952879581133
513050,2019-08-01,1.1898,-0.017343904856293446
513050,2019-08-02,1.1584,-0.026390990082366672
513050,2019-08-05,1.1069,-0.044457872928176934
513050,2019-08-06,1.1191,0.011021772517842532
513050,2019-08-07,1.1301,0.009829327137878652
513050,2019-08-08,1.1528,0.0200867179895583
513050,2019-08-09,1.1386,-0.01231783483691884
513050,2019-08-12,1.1374,-0.0010539258738803126
513050,2019-08-13,1.1579,0.01802356251098991
513050,2019-08-14,1.1517,-0.005354521115813138
513050,2019-08-15,1.1553,0.003125814014066197
513050,2019-08-16,1.1815,0.02267809227040596
513050,2019-08-19,1.2182,0.03106220905628443
513050,2019-08-20,1.2135,-0.0038581513708749737
513050,2019-08-21,1.2101,-0.0028018129377833656
513050,2019-08-22,1.1944,-0.012974134369060475
513050,2019-08-23,1.1743,-0.016828533154721992
513050,2019-08-26,1.1787,0.0037469130545859652
513050,2019-08-27,1.1837,0.004241961482989609
513050,2019-08-28,1.1819,-0.001520655571513041
513050,2019-08-29,1.2031,0.017937219730941756
513050,2019-08-30,1.2131,0.008311861025683598
513050,2019-09-03,1.2057,-0.006100074190091509
513050,2019-09-04,1.2269,0.017583146719748033
513050,2019-09-05,1.2474,0.016708778221533827
513050,2019-09-06,1.2465,-0.0007215007215007896
513050,2019-09-09,1.2508,0.0034496590453267917
513050,2019-09-10,1.2391,-0.00935401343140374
513050,2019-09-11,1.2581,0.015333709950770658
513050,2019-09-12,1.266,0.006279310070741673
513050,2019-09-16,1.2556,-0.00821484992101107
513050,2019-09-17,1.2585,0.0023096527556545343
513050,2019-09-18,1.2599,0.0011124354390148472
513050,2019-09-19,1.256,-0.0030954837685530645
513050,2019-09-20,1.2571,0.0008757961783441015
513050,2019-09-23,1.2341,-0.01829607827539581
513050,2019-09-24,1.2092,-0.020176646949193633
513050,2019-09-25,1.222,0.0105855110817068
513050,2019-09-26,1.2222,0.00016366612111284873
513050,2019-09-27,1.1832,-0.031909671084928704
513050,2019-09-30,1.1893,0.005155510480054026
513050,2019-10-08,1.1726,-0.014041873370890356
513050,2019-10-09,1.1785,0.005031553812041567
513050,2019-10-10,1.189,0.008909630886720477
513050,2019-10-11,1.2177,0.024137931034482696
513050,2019-10-14,1.2187,0.0008212203334154733
513050,2019-10-15,1.2399,0.017395585459916374
513050,2019-10-16,1.2507,0.008710379869344198
513050,2019-10-17,1.2488,-0.001519149276405174
513050,2019-10-18,1.2219,-0.021540679051889722
513050,2019-10-21,1.235,0.010721008265815568
513050,2019-10-22,1.2187,-0.013198380566801782
513050,2019-10-23,1.2118,-0.0056617707393122885
513050,2019-10-24,1.229,0.014193761346756872
513050,2019-10-25,1.2368,0.006346623270951923
513050,2019-10-28,1.262,0.02037516170763265
513050,2019-10-29,1.2433,-0.014817749603803443
513050,2019-10-30,1.247,0.0029759510978846215
513050,2019-10-31,1.2469,-8.019246190871243e-05
513050,2019-11-01,1.2528,0.00473173470206123
513050,2019-11-04,1.2857,0.026261174968071677
513050,2019-11-05,1.2908,0.00396671074123045
513050,2019-11-06,1.2887,-0.0016268980477223138
513050,2019-11-07,1.3103,0.016761077054396
513050,2019-11-08,1.3016,-0.0066397008318704875
513050,2019-11-11,1.2877,-0.01067916410571601
513050,2019-11-12,1.2988,0.008620020191038247
513050,2019-11-13,1.2798,-0.01462888820449637
513050,2019-11-14,1.2662,-0.010626660415690048
513050,2019-11-15,1.2776,0.009003317011530676
513050,2019-11-18,1.2806,0.0023481527864746
513050,2019-11-19,1.2859,0.004138684991410235
513050,2019-11-20,1.2674,-0.014386810793996396
513050,2019-11-21,1.2658,-0.00126242701593815
513050,2019-11-22,1.2901,0.019197345552219858
513050,2019-11-25,1.3142,0.018680722424618157
513050,2019-11-26,1.3219,0.005859077765941301
513050,2019-11-27,1.3416,0.014902791436568474
513050,2019-11-28,1.3452,0.0026833631484795006
513050,2019-11-29,1.3306,-0.010853404698186075
513050,2019-12-02,1.3223,-0.006237787464301814
513050,2019-12-03,1.3122,-0.0076382061559403525
513050,2019-12-04,1.3035,-0.006630086877000396
513050,2019-12-05,1.3313,0.02132719601074018
513050,2019-12-06,1.3431,0.008863516863216514
513050,2019-12-09,1.333,-0.007519916610825739
513050,2019-12-10,1.3351,0.00157539384846217
513050,2019-12-11,1.35,0.011160212718148488
513050,2019-12-12,1.3619,0.008814814814814831
513050,2019-12-13,1.3724,0.007709817167192767
513050,2019-12-16,1.3792,0.004954823666569519
513050,2019-12-17,1.4017,0.016313805104408274
513050,2019-12-18,1.4133,0.008275665263608456
513050,2019-12-19,1.4135,0.00014151277152762987
513050,2019-12-20,1.417,0.002476123098691163
513050,2019-12-23,1.4307,0.009668313338038192
513050,2019-12-24,1.43,-0.0004892709862306388
513050,2019-12-25,1.4287,-0.0009090909090908594
513050,2019-12-26,1.4301,0.000979911807937217
513050,2019-12-27,1.437,0.004824837423956563
513050,2019-12-30,1.4254,-0.00807237299930419
513050,2019-12-31,1.4121,-0.009330714185491806
513050,2020-01-02,1.4657,0.03795765172438226
513050,2020-01-03,1.4589,-0.004639421436856028
513050,2020-01-06,1.4588,-6.854479402285119e-05
513050,2020-01-07,1.477,0.0124760076775432
513050,2020-01-08,1.4675,-0.006431956668923489
513050,2020-01-09,1.4941,0.018126064735945357
513050,2020-01-10,1.5083,0.009504049260424363
513050,2020-01-13,1.5421,0.02240933501292841
513050,2020-01-14,1.5158,-0.017054665715582673
513050,2020-01-15,1.5092,-0.004354136429608135
513050,2020-01-16,1.5077,-0.0009939040551285583
513050,2020-01-17,1.5147,0.004642833454931328
513050,2020-01-20,1.505,-0.006403908364692734
513050,2020-01-21,1.4647,-0.026777408637873812
513050,2020-01-22,1.4734,0.005939782890694412
513050,2020-01-23,1.4498,-0.016017374779421778
513050,2020-02-03,1.4264,-0.01614015726307083
513050,2020-02-04,1.4876,0.04290521592821106
513050,2020-02-05,1.4746,-0.008738908308685178
513050,2020-02-06,1.5001,0.017292825172928294
513050,2020-02-07,1.4841,-0.010665955602959798
513050,2020-02-10,1.4801,-0.0026952361700693928
513050,2020-02-11,1.5036,0.015877305587460366
513050,2020-02-12,1.5291,0.016959297685554597
513050,2020-02-13,1.5248,-0.002812111699692643
513050,2020-02-14,1.5201,-0.003082371458551947
513050,2020-02-17,1.5219,0.001184132622853884
513050,2020-02-18,1.5098,-0.007950588080688603
513050,2020-02-19,1.5292,0.012849384024373967
513050,2020-02-20,1.5125,-0.010920742872089995
513050,2020-02-21,1.4848,-0.018314049586776848
513050,2020-02-24,1.4429,-0.028219288793103314
513050,2020-02-25,1.4526,0.006722572596853382
513050,2020-02-26,1.4576,0.0034421038138510163
513050,2020-02-27,1.4404,-0.01180021953896826
513050,2020-02-28,1.4212,-0.013329630658150404
513050,2020-03-02,1.4438,0.015902054601744986
513050,2020-03-03,1.4296,-0.009835157223992197
513050,2020-03-04,1.4522,0.015808617795187496
513050,2020-03-05,1.4698,0.012119542762704993
513050,2020-03-06,1.425,-0.03048033746087897
513050,2020-03-09,1.362,-0.04421052631578948
513050,2020-03-10,1.4055,0.0319383259911894
513050,2020-03-11,1.3753,-0.02148701529704733
513050,2020-03-12,1.2962,-0.05751472406020497
513050,2020-03-13,1.33,0.026076222805122784
513050,2020-03-16,1.2296,-0.07548872180451127
513050,2020-03-17,1.2689,0.0319616135328562
513050,2020-03-18,1.2199,-0.03861612420206473
513050,2020-03-19,1.2413,0.017542421509959993
513050,2020-03-20,1.2818,0.03262708450817686
513050,2020-03-23,1.2579,-0.01864565454829148
513050,2020-03-24,1.3273,0.05517131727482294
513050,2020-03-25,1.3545,0.020492729601446547
513050,2020-03-26,1.378,0.017349575489110203
513050,2020-03-27,1.3418,-0.0262699564586355
513050,2020-03-30,1.3392,-0.0019376956327322725
513050,2020-03-31,1.3711,0.023820191158900883
513050,2020-04-01,1.3432,-0.020348625191452197
513050,2020-04-02,1.3596,0.012209648600357337
513050,2020-04-03,1.3468,-0.009414533686378235
513050,2020-04-07,1.4086,0.04588654588654584
513050,2020-04-08,1.3801,-0.020232855317336318
513050,2020-04-09,1.3956,0.011231070212303296
513050,2020-04-10,1.3919,-0.0026511894525652613
513050,2020-04-13,1.3991,0.005172785401250213
513050,2020-04-14,1.4258,0.019083696662139937
513050,2020-04-15,1.4364,0.0074344227801934615
513050,2020-04-16,1.4794,0.029935950988582594
513050,2020-04-17,1.476,-0.0022982290117615767
513050,2020-04-20,1.4814,0.003658536585365857
513050,2020-04-21,1.4517,-0.02004860267314701
513050,2020-04-22,1.4806,0.019907694427223177
513050,2020-04-23,1.4642,-0.011076590571389988
513050,2020-04-24,1.4523,-0.008127305012976427
513050,2020-04-27,1.4684,0.011085863802244633
513050,2020-04-28,1.4591,-0.006333424135112953
513050,2020-04-29,1.4837,0.016859708039202115
513050,2020-04-30,1.4671,-0.011188245602210656
513050,2020-05-06,1.4396,-0.018744461863540396
513050,2020-05-07,1.4525,0.00896082245068075
513050,2020-05-08,1.4935,0.028227194492254748
513050,2020-05-11,1.5181,0.016471375962504142
513050,2020-05-12,1.5106,-0.004940386008826847
513050,2020-05-13,1.5136,0.00198596584138766
513050,2020-05-14,1.5265,0.008522727272727293
513050,2020-05-15,1.528,0.0009826400262038515
513050,2020-05-18,1.5847,0.03710732984293186
513050,2020-05-19,1.5989,0.008960686565280485
513050,2020-05-20,1.6071,0.005128525861529898
513050,2020-05-21,1.5817,-0.01580486590753527
513050,2020-05-22,1.5071,-0.04716444332047798
513050,2020-05-25,1.5255,0.012208877977572863
513050,2020-05-26,1.5732,0.03126843657817102
513050,2020-05-27,1.5494,-0.015128400711924672
513050,2020-05-28,1.5286,-0.013424551439266907
513050,2020-05-29,1.5794,0.03323302368180037
513050,2020-06-01,1.6118,0.02051411928580471
513050,2020-06-02,1.6338,0.013649336145923785
513050,2020-06-03,1.6655,0.019402619659689035
513050,2020-06-04,1.6672,0.0010207145001501772
513050,2020-06-05,1.6836,0.009836852207293578
513050,2020-06-08,1.6689,-0.008731290092658606
513050,2020-06-09,1.6671,-0.0010785547366528592
513050,2020-06-10,1.7074,0.024173714834143212
513050,2020-06-11,1.6673,-0.023486002108469073
513050,2020-06-12,1.6862,0.011335692436873934
513050,2020-06-15,1.6831,-0.0018384533270073833
513050,2020-06-16,1.7303,0.028043491176994673
513050,2020-06-17,1.7498,0.011269722013523609
513050,2020-06-18,1.7597,0.00565778946165274
513050,2020-06-19,1.7657,0.0034096721031993127
513050,2020-06-22,1.7719,0.00351135526986468
513050,2020-06-23,1.8261,0.030588633670071586
513050,2020-06-24,1.808,-0.0099118339630907
513050,2020-06-29,1.7787,-0.0162057522123894
513050,2020-06-30,1.794,0.008601787822567042
513050,2020-07-01,1.7923,-0.0009476031215162051
513050,2020-07-02,1.8562,0.035652513530101126
513050,2020-07-03,1.8784,0.011959918112272483
513050,2020-07-06,1.92,0.022146507666098714
513050,2020-07-07,1.8883,-0.01651041666666664
513050,2020-07-08,1.9959,0.056982471005666335
513050,2020-07-09,2.0471,0.025652587805000238
513050,2020-07-10,2.0106,-0.017830101118655572
513050,2020-07-13,1.9711,-0.01964587685268082
513050,2020-07-14,1.9292,-0.021257166049414078
513050,2020-07-15,1.9546,0.013166079203815073
513050,2020-07-16,1.8726,-0.04195231760974105
513050,2020-07-17,1.9036,0.01655452312293071
513050,2020-07-20,1.9285,0.0130804790922463
513050,2020-07-21,2.0024,0.03831993777547327
513050,2020-07-22,1.9328,-0.03475829005193776
513050,2020-07-23,1.9546,0.011278973509933676
513050,2020-07-24,1.9017,-0.027064360994576875
513050,2020-07-27,1.9044,0.0014197823000474674
513050,2020-07-28,1.9289,0.012864944339424422
513050,2020-07-29,1.9446,0.008139354035979096
513050,2020-07-30,1.937,-0.003908258767870043
513050,2020-07-31,1.9418,0.0024780588538977355
513050,2020-08-03,1.9887,0.024152847873107453
513050,2020-08-04,2.0265,0.019007391763463666
513050,2020-08-05,2.0551,0.014113002714039036
513050,2020-08-06,2.0392,-0.007736849788331335
513050,2020-08-07,1.9543,-0.041633974107493255
513050,2020-08-10,1.9157,-0.0197513176073274
513050,2020-08-11,1.9242,0.004437020410293924
513050,2020-08-12,1.9494,0.013096351730589317
513050,2020-08-13,1.924,-0.013029650148763783
513050,2020-08-14,1.9117,-0.0063929313929314
513050,2020-08-17,1.9339,0.011612700737563486
513050,2020-08-18,1.9741,0.020787010703759323
513050,2020-08-19,1.9603,-0.006990527328909368
513050,2020-08-20,1.965,0.002397592205274801
513050,2020-08-21,1.9888,0.012111959287531615
513050,2020-08-24,2.0728,0.04223652453740945
513050,2020-08-25,2.0966,0.011482053261289149
513050,2020-08-26,2.1204,0.011351712296098437
513050,2020-08-27,2.1154,-0.002358045651763785
513050,2020-08-28,2.1063,-0.004301786896095394
513050,2020-08-31,2.0613,-0.021364477994587627
513050,2020-09-01,2.1192,0.028089070004366112
513050,2020-09-02,2.1247,0.002595318988297235
513050,2020-09-03,2.0508,-0.03478138090083294
513050,2020-09-04,2.0306,-0.009849814706455962
513050,2020-09-07,2.009,-0.010637250073869953
513050,2020-09-08,1.9507,-0.029019412643105924
513050,2020-09-09,1.9553,0.002358127851540548
513050,2020-09-10,1.9333,-0.01125147036260421
513050,2020-09-11,1.9676,0.017741685201468904
513050,2020-09-14,2.0016,0.01727993494612723
513050,2020-09-15,2.0085,0.003447242206235268
513050,2020-09-16,2.0069,-0.000796614388847483
513050,2020-09-17,1.9737,-0.016542926902187394
513050,2020-09-18,1.9642,-0.00481329482697479
513050,2020-09-21,1.9479,-0.008298543936462677
513050,2020-09-22,1.9534,0.002823553570511894
513050,2020-09-23,1.9565,0.0015869765537011027
513050,2020-09-24,1.9236,-0.01681574239713768
513050,2020-09-25,1.924,0.00020794343938446147
513050,2020-09-28,1.9557,0.016476091476091526
513050,2020-09-29,1.948,-0.00393720918341256
513050,2020-09-30,1.9995,0.026437371663244447
513050,2020-10-09,2.0841,0.04231057764441104
513050,2020-10-12,2.1162,0.015402331941845482
513050,2020-10-13,2.1218,0.0026462527171344785
513050,2020-10-14,2.1316,0.004618719954755601
513050,2020-10-15,2.0847,-0.022002251829611574
513050,2020-10-16,2.1129,0.013527126205209239
513050,2020-10-19,2.0884,-0.011595437550286247
513050,2020-10-20,2.11,0.010342846198046374
513050,2020-10-21,2.1082,-0.0008530805687202436
513050,2020-10-22,2.0873,-0.009913670429750554
513050,2020-10-23,2.0867,-0.0002874526900780161
513050,2020-10-26,2.08,-0.003210811328892449
513050,2020-10-27,2.1424,0.029999999999999805
513050,2020-10-28,2.1535,0.005181105302464628
513050,2020-10-29,2.1955,0.019503134432319325
513050,2020-10-30,2.1463,-0.02240947392393533
513050,2020-11-02,2.1721,0.012020686763266841
513050,2020-11-03,2.1203,-0.02384788913954239
513050,2020-11-04,2.1881,0.03197660708390315
513050,2020-11-05,2.2362,0.02198254193135618
513050,2020-11-06,2.2354,-0.00035774975404723186
513050,2020-11-09,2.2074,-0.012525722465777989
513050,2020-11-10,2.0719,-0.06138443417595363
513050,2020-11-11,2.0101,-0.029827694386794668
513050,2020-11-12,2.0795,0.03452564549027404
513050,2020-11-13,2.1526,0.03515268093291657
513050,2020-11-16,2.1344,-0.008454891758803429
513050,2020-11-17,2.0744,-0.028110944527736104
513050,2020-11-18,2.0596,-0.007134593135364353
513050,2020-11-19,2.0557,-0.0018935715672947495
513050,2020-11-20,2.1236,0.03303011139757772
513050,2020-11-23,2.1239,0.00014126954228665944
513050,2020-11-24,2.1504,0.012477046941946401
513050,2020-11-25,2.1088,-0.019345238095238027
513050,2020-11-26,2.1364,0.013088012139605532
513050,2020-11-27,2.1466,0.004774386818947596
513050,2020-11-30,2.0675,-0.036848970464921305
513050,2020-12-01,2.0852,0.008561064087061698
513050,2020-12-02,2.0523,-0.01577786303472095
513050,2020-12-03,2.0871,0.016956585294547688
513050,2020-12-04,2.0947,0.0036414163192948212
513050,2020-12-07,2.0736,-0.010073041485654355
513050,2020-12-08,2.0946,0.01012731481481488
513050,2020-12-09,2.0861,-0.004058054043731385
513050,2020-12-10,2.0957,0.004601888691817102
513050,2020-12-11,2.1023,0.0031493057212388376
513050,2020-12-14,2.0537,-0.023117537934642995
513050,2020-12-15,2.0443,-0.004577104737790494
513050,2020-12-16,2.0805,0.01770777283177627
513050,2020-12-17,2.111,0.014659937515020705
513050,2020-12-18,2.0948,-0.0076740881099005565
513050,2020-12-21,2.0895,-0.00253007447011655
513050,2020-12-22,2.0696,-0.009523809523809601
513050,2020-12-23,2.0952,0.01236954000773105
513050,2020-12-24,1.9891,-0.05063955708285606
513050,2020-12-25,1.9881,-0.0005027399326329451
513050,2020-12-28,1.9118,-0.038378351189578
513050,2020-12-29,2.0005,0.04639606653415651
513050,2020-12-30,2.0772,0.03834041489627582
513050,2021-01-04,2.0585,-0.009002503369921033
513050,2021-01-05,2.1136,0.02676706339567647
513050,2021-01-06,2.0788,-0.016464799394398044
513050,2021-01-07,2.0492,-0.014238984029247836
513050,2021-01-08,2.1142,0.03171969549092335
513050,2021-01-11,2.0882,-0.012297795856588634
513050,2021-01-12,2.0877,-0.00023944066660286367
513050,2021-01-13,2.0998,0.005795851894429438
513050,2021-01-14,2.1711,0.033955614820458946
513050,2021-01-15,2.1622,-0.004099304500023049
513050,2021-01-18,2.1961,0.01567847562667657
513050,2021-01-19,2.2553,0.02695687810209013
513050,2021-01-20,2.3606,0.046690019066199406
513050,2021-01-21,2.3504,-0.0043209353554179986
513050,2021-01-22,2.3567,0.002680394826412469
513050,2021-01-25,2.4823,0.053294861458819565
513050,2021-01-26,2.4135,-0.027716230914877293
513050,2021-01-27,2.3446,-0.02854775222705619
513050,2021-01-28,2.3175,-0.011558474793141649
513050,2021-01-29,2.2853,-0.01389428263214676
513050,2021-02-01,2.3852,0.04371417319389148
513050,2021-02-02,2.4091,0.010020124098607974
513050,2021-02-03,2.4604,0.02129425926694606
513050,2021-02-04,2.4632,0.001138026337180964
513050,2021-02-05,2.4688,0.0022734654108476082
513050,2021-02-08,2.4642,-0.001863253402462739
513050,2021-02-09,2.497,0.013310607905202554
513050,2021-02-18,2.5439,0.018782539046856117
513050,2021-02-19,2.5636,0.007744015094933054
513050,2021-02-22,2.4581,-0.04115306600093627
513050,2021-02-23,2.4303,-0.011309548024897254
513050,2021-02-24,2.3536,-0.03155988972554824
513050,2021-02-25,2.3187,-0.014828348062542407
513050,2021-02-26,2.2502,-0.029542416008970673
513050,2021-03-01,2.3472,0.04310727935294634
513050,2021-03-02,2.3151,-0.013675869120654327
513050,2021-03-03,2.3243,0.003973910414236892
513050,2021-03-04,2.2211,-0.04440046465602554
513050,2021-03-05,2.2114,-0.00436720543874658
513050,2021-03-08,2.071,-0.06348919236682626
513050,2021-03-09,2.1599,0.04292612264606466
513050,2021-03-10,2.1515,-0.003889068938376705
513050,2021-03-11,2.2424,0.04224959330699507
513050,2021-03-12,2.1712,-0.03175169461291483
513050,2021-03-15,2.1391,-0.014784450994841492
513050,2021-03-16,2.1616,0.010518442335561762
513050,2021-03-17,2.1646,0.0013878608438193663
513050,2021-03-18,2.17,0.0024946872401365727
513050,2021-03-19,2.172,0.0009216589861751334
513050,2021-03-22,2.1658,-0.0028545119705342126
513050,2021-03-23,2.1275,-0.017683996675593283
513050,2021-03-24,2.0413,-0.04051703877790824
513050,2021-03-25,1.9908,-0.024739136824572627
513050,2021-03-26,2.0355,0.0224532851115129
513050,2021-03-29,2.0127,-0.011201179071481104
513050,2021-03-30,2.0397,0.013414815918914691
513050,2021-03-31,2.0399,9.805363533854639e-05
513050,2021-04-01,2.1173,0.03794303642335417
513050,2021-04-02,2.1191,0.0008501393283897318
513050,2021-04-06,2.1371,0.00849417205417402
513050,2021-04-07,2.0659,-0.03331617612652671
513050,2021-04-08,2.0708,0.0023718476208915984
513050,2021-04-09,2.0436,-0.01313502028201663
513050,2021-04-12,2.0576,0.006850655705617381
513050,2021-04-13,2.0324,-0.01224727838258155
513050,2021-04-14,2.0426,0.0050186971068688635
513050,2021-04-15,2.0281,-0.007098795652599854
513050,2021-04-16,2.0481,0.009861446674227059
513050,2021-04-19,2.035,-0.006396172061910899
513050,2021-04-20,2.0081,-0.013218673218673205
513050,2021-04-21,1.9959,-0.006075394651660848
513050,2021-04-22,2.0187,0.011423418006914154
513050,2021-04-23,2.0648,0.022836478922078518
513050,2021-04-26,2.0663,0.0007264626113909767
513050,2021-04-27,2.0765,0.004936359676716684
513050,2021-04-28,2.0771,0.0002889477486156533
513050,2021-04-29,2.0553,-0.010495402243512753
513050,2021-04-30,2.0163,-0.018975332068311035
513050,2021-05-06,1.9735,-0.021226999950404335
513050,2021-05-07,1.9447,-0.014593362047124359
513050,2021-05-10,1.8795,-0.03352702216280157
513050,2021-05-11,1.863,-0.00877893056664003
513050,2021-05-12,1.8758,0.006870638754696623
513050,2021-05-13,1.8053,-0.0375839641752852
513050,2021-05-14,1.8271,0.012075555309366992
513050,2021-05-17,1.8523,0.013792348530458076
513050,2021-05-18,1.8798,0.014846407169464948
513050,2021-05-19,1.8786,-0.0006383657835938861
513050,2021-05-20,1.9196,0.02182476312147341
513050,2021-05-21,1.8796,-0.020837674515524096
513050,2021-05-24,1.8653,-0.007608001702489875
513050,2021-05-25,1.8957,0.01629764649118104
513050,2021-05-26,1.898,0.0012132721422166703
513050,2021-05-27,1.8798,-0.009589041095890427
513050,2021-05-28,1.8731,-0.003564208958399817
513050,2021-05-31,1.9019,0.015375580588329552
513050,2021-06-01,1.9572,0.029076186970923956
513050,2021-06-02,1.9519,-0.0027079501328428623
513050,2021-06-03,1.9143,-0.019263281930426812
513050,2021-06-04,1.9172,0.0015149140678054618
513050,2021-06-07,1.8823,-0.01820363029417893
513050,2021-06-08,1.8763,-0.0031875896509588886
513050,2021-06-09,1.8703,-0.0031977828705430644
513050,2021-06-10,1.8739,0.001924824894401933
513050,2021-06-11,1.8669,-0.0037355248412401787
513050,2021-06-15,1.8634,-0.0018747656542932312
513050,2021-06-16,1.842,-0.01148438338520974
513050,2021-06-17,1.8595,0.009500542888164931
513050,2021-06-18,1.8748,0.008228018284485161
513050,2021-06-21,1.8597,-0.008054192447194408
513050,2021-06-22,1.8332,-0.014249610152175074
513050,2021-06-23,1.8719,0.02111062622736193
513050,2021-06-24,1.9048,0.017575725198995862
513050,2021-06-25,1.9621,0.03008189836203279
513050,2021-06-28,1.9519,-0.005198511798583105
513050,2021-06-29,1.9538,0.0009734105230800871
513050,2021-06-30,1.9286,-0.012897942471081891
513050,2021-07-01,1.9099,-0.00969615264959045
513050,2021-07-02,1.8638,-0.02413738939211474
513050,2021-07-05,1.8267,-0.019905569267088752
513050,2021-07-06,1.7931,-0.01839382493020203
513050,2021-07-07,1.7648,-0.015782722659081982
513050,2021-07-08,1.6959,-0.039041251133272836
513050,2021-07-09,1.7457,0.02936493897045822
513050,2021-07-12,1.7436,-0.0012029558343358282
513050,2021-07-13,1.794,0.02890571231933925
513050,2021-07-14,1.7925,-0.0008361204013378476
513050,2021-07-15,1.8055,0.007252440725244114
